"ID","NAME","UUID","AREACODE","REAL_AREACODE","SZS","SZQX","SZZ","DZ","YZBM","LXDH","LXR","TSJDDH","GZSJ","WZ","JJ","GEOTYPE","GEO","EMAIL","LAYER_FILES_ID","i_id","status","bstype","create_date","creator_id","editor_id","edit_date","edit_memo","commit_date","committer_id","commit_memo","checker_id","check_date","check_result","check_result_memo","checker_editXY_date","editXY_userid","checker_editXY_memo","publisher_id","publish_date","publish_result","publish_result_memo","revoke_applicant_id","revoke_apply_date","revoke_apply_reason","revoke_checker_id","revoke_check_date","revoke_ck_result","revoke_ck_result_memo","revoke_publisher_id","revoke_pub_date","revoke_pub_result","revoke_pub_result_memo","update_applicant_id","update_apply_date","update_apply_reason","update_checker_id","update_check_date","update_ck_result","update_ck_result_memo","update_publisher_id","update_pub_date","update_pub_result","update_pub_result_memo","operation_date","operator_id","operation_result","operation_memo","filereport_id","first_submit_date","collector_id","reason","remark","identification","remark_id","remark_date","isreturn","isdel","field_1","field_2","field_3","deleter_id","delete_date","LX","LC","LXBM","TCSJ","JSDJ","ISBSWD"
"7240","虹桥北路","5f360fbe-c65c-4b9e-a95a-6aeb2b4356d9","330381003","330381003","温州市","瑞安市","锦湖街道","","325200","0577-65892003","","","","","","0","LINESTRING(120.633039772511 27.8019681572914, 120.632140059024 27.7982340194285, 120.632015503943 27.7961869910359)","","4fbfada080cf4d5d8947ce3b13c4435d","","3","2","2016/11/4 11:06:17","35023","","","","2016/11/4 11:06:45","35023","","35023","2016/11/4 11:16:41","不通过","道路位置标示错误","","","","","","","","","","","","","","","","","","","","","","","","","","","","","","2016/11/4 11:16:54","35023","不通过","道路位置标示错误","","2016/11/4 11:06:44","","","","","-1","","","1","","","","35023","2016/11/4 11:16:54","专用公路","1","G104","2015年9月25日","二级",""
"7951","","853593ef-90fe-4747-b89a-f61654d92eb4","330381","330381","温州市","瑞安市","","","","","","","","","","0","","","8123fee0c7d3464eaa2749ec34696d2d","","0","2","2016/11/8 16:10:53","35531","","","","","","","","","","","","","","","","","","","","","","","","","","","","","","","","","","","","","","","","2016/11/8 16:10:53","35531","","","","","","","","","-1","","","0","","","","","","","","","","",""
"7952","","2460db0e-125f-47f8-b24d-981d1f46871d","330381","330381","温州市","瑞安市","","","","","","","","","","0","","","08505357cb114cb698d0866fdaca1274","","0","2","2016/11/8 16:19:33","35531","","","","","","","","","","","","","","","","","","","","","","","","","","","","","","","","","","","","","","","","2016/11/8 16:19:33","35531","","","","","","","","","-1","","","0","","","","","","","","","","",""
"9820","温州市洞头区大翁线","52fb325f-b84b-430a-92a1-c5511c5eebf1","330322101","330322101","温州市","洞头区","大门镇","","325700","15858868696","","","","","","0","LINESTRING(120.985823 28.013678, 120.993977 28.010502, 120.999727 28.006897, 121.009254 27.997627, 121.012559 27.995481, 121.016979 27.993207, 121.038297 27.985611, 121.039188 27.984892, 121.040765 27.984924, 121.04304 27.985311, 121.044853 27.986072, 121.047363 27.986341, 121.054487 27.990031, 121.057577 27.991576, 121.058736 27.991791, 121.060452 27.991834, 121.065216 27.982349, 121.065259 27.98089, 121.064787 27.976427)","","26dfc8df3e994c5aac41df22499715bc","","4","3","2016/11/18 14:30:04","24767","24767","2016/12/1 15:24:35","","2016/12/1 15:24:35","24767","","24767","2016/12/1 15:48:23","通过","","","","","56","2016/12/30 10:53:57","通过","","","","","","","","","","","","","","","","","","","","","","","","2016/12/30 10:53:57","56","通过","","","2016/12/1 15:23:20","","","","","-1","","","0","1","","","","","沥青混凝土","12.603","X809330322","2015","一级",""
"9821","温州市洞头区深大线","86c517b5-bdc7-4361-95ff-0a47ac02476e","330322","330322","温州市","洞头区","","","325700","15858868696","","","","","","0","MULTILINESTRING((121.11517 27.875919, 121.121349 27.876091), (121.107026 27.874911, 121.108818 27.867336, 121.114483 27.857208, 121.11901 27.852166, 121.122208 27.849827, 121.123796 27.848883, 121.131864 27.846243, 121.132894 27.845621, 121.136112 27.842746))","","63833d4111cb4717a8fe22a9a2c05f5c","","4","3","2016/11/18 14:30:04","24767","24767","2016/12/1 15:25:03","","2016/12/1 15:25:03","24767","","24767","2016/12/1 15:48:23","通过","","","","","56","2016/12/30 10:53:57","通过","","","","","","","","","","","","","","","","","","","","","","","","2016/12/30 10:53:57","56","通过","","","2016/12/1 15:22:41","","","","","-1","","","0","1","","","","","沥青混凝土","4.755","X810330322","2015","二级",""
"9907","华山-水深","0a692e43-9741-41fa-90bd-fe3bfb30e463","330327","330327","温州市","苍南县","","","325800；325802","0577-64767980","","","","www.cnglw.com","连接灵溪至龙港的一条快捷通道","0","LINESTRING(120.452106 27.533514, 120.50472 27.543154, 120.503932 27.555138)","cnxgld@163.com","db7e86ee0a0a4f48b41f950a1fbc2c92","","3","3","2016/11/23 09:01:18","37498","37498","2016/11/23 09:08:57","","2016/11/23 09:10:28","37498","","37498","2016/12/28 10:10:41","不通过","需按实际线路采集","","","","","","","","","","","","","","","","","","","","","","","","","","","","","","2017/1/3 19:27:23","37498","不通过","需按实际线路采集","","2016/11/23 09:10:27","","","","","-1","","","1","","","","37498","2017/1/3 19:27:23","乡道","6.771","Y528330327","2014年10月31日","二级",""
"9908","宫西-南茶寮","20f7a4b2-a839-4461-bb83-39e646a5564e","330327230","330327230","温州市","苍南县","苍南县所辖乡镇","","325804","0577-64767981","","","","www.cnglw.com","望里镇连接宫西和南茶寮的一条村道","0","LINESTRING(120.530609 27.478357, 120.5321 27.474774)","cnxgld@163.com","7380d351ed714ce09b3db09461392f60","","3","3","2016/11/23 09:01:18","37498","37498","2016/11/23 09:10:30","","2016/11/23 09:11:40","37498","","37498","2016/12/28 10:10:41","不通过","需按实际线路采集","","","","","","","","","","","","","","","","","","","","","","","","","","","","","","2017/1/3 19:27:23","37498","不通过","需按实际线路采集","","2016/11/23 09:11:39","","","","","-1","","","1","","","","37498","2017/1/3 19:27:23","村道","0.426","C525330327","2014年5月1日","四级",""
"9909","龙魁线-朱家","7a48f590-a661-4984-aab9-4ab3777e007f","330327117","330327117","温州市","苍南县","赤溪镇","","325807","0577-64767982","","","","www.cnglw.com","赤溪镇朱家自然村的一条通村公路","0","LINESTRING(120.541241 27.304748, 120.531811 27.307055)","cnxgld@163.com","025d846a8c724f0b80354ec983cc1a64","","3","3","2016/11/23 09:01:18","37498","37498","2016/11/23 09:18:06","","2016/11/23 09:19:13","37498","","37498","2016/12/28 10:10:41","不通过","需按实际线路采集","","","","","","","","","","","","","","","","","","","","","","","","","","","","","","2017/1/3 19:27:23","37498","不通过","需按实际线路采集","","2016/11/23 09:19:12","","","","","-1","","","1","","","","37498","2017/1/3 19:27:23","村道","2.049","C530330327","2014年10月1日","四级",""
"9910","霞峰-后岘","35029d2c-0571-443f-9620-4671bbc83ffa","330327118","330327118","温州市","苍南县","马站镇","","325809","0577-64767983","","","","www.cnglw.com","","0","LINESTRING(120.46284 27.259757, 120.460673 27.248046)","cnxgld@163.com","22016c5081fa4406a0565b65b99be734","","3","3","2016/11/23 09:01:18","37498","37498","2016/11/23 09:20:39","","2016/11/23 09:21:38","37498","","37498","2016/12/28 10:10:41","不通过","需按实际线路采集","","","","","","","","","","","","","","","","","","","","","","","","","","","","","","2017/1/3 19:27:23","37498","不通过","需按实际线路采集","","2016/11/23 09:21:37","","","","","-1","","","1","","","","37498","2017/1/3 19:27:23","村道","1.274","C531330327","2014年10月1日","四级",""
"9911","桥南线-墓庵","274e9a6b-9423-4c7d-b787-2630521f4165","330327113","330327113","温州市","苍南县","桥墩镇","","325806","0577-64767984","","","","www.cnglw.com","","0","LINESTRING(120.293244 27.477214, 120.285997 27.478309)","cnxgld@163.com","48a79aea3ca74708891773a7ea853487","","3","3","2016/11/23 09:01:18","37498","37498","2016/11/23 09:21:17","","2016/11/23 09:22:16","37498","","37498","2016/12/28 10:10:41","不通过","需按实际线路采集","","","","","","","","","","","","","","","","","","","","","","","","","","","","","","2017/1/3 19:27:23","37498","不通过","需按实际线路采集","","2016/11/23 09:22:15","","","","","-1","","","1","","","","37498","2017/1/3 19:27:23","村道","1.979","C532330327","2014年10月1日","四级",""
"9912","拱桥内-枫桐","117d61e5-9c03-4a15-b957-13c7d756b644","330327116","330327116","温州市","苍南县","矾山镇","","325807","0577-64767985","","","","www.cnglw.com","","0","LINESTRING(120.343385 27.378992, 120.34103 27.376787)","cnxgld@163.com","3c4173ec9e6e48c688236772db5b5b07","","3","3","2016/11/23 09:01:18","37498","37498","2016/11/23 09:23:01","","2016/11/23 09:24:00","37498","","37498","2016/12/28 10:10:41","不通过","需按实际线路采集","","","","","","","","","","","","","","","","","","","","","","","","","","","","","","2017/1/3 19:27:23","37498","不通过","需按实际线路采集","","2016/11/23 09:23:59","","","","","-1","","","1","","","","37498","2017/1/3 19:27:23","村道","0.675","C534330327","2014年10月1日","四级",""
"9913","渡龙-西埕","9b848f56-15f4-446d-ae97-0aa77388237d","330327100","330327100","温州市","苍南县","灵溪镇","","325800","0577-64767986","","","","www.cnglw.com","","0","LINESTRING(120.421046 27.509186, 120.423862 27.498999)","cnxgld@163.com","a8898930754a4c5f872d295182f72370","","3","3","2016/11/23 09:01:18","37498","37498","2016/11/23 09:23:31","","2016/11/23 09:24:30","37498","","37498","2016/12/28 10:10:41","不通过","需按实际线路采集","","","","","","","","","","","","","","","","","","","","","","","","","","","","","","2017/1/3 19:27:23","37498","不通过","需按实际线路采集","","2016/11/23 09:24:29","","","","","-1","","","1","","","","37498","2017/1/3 19:27:23","村道","1.167","C536330327","2014年12月1日","四级",""
"9914","金巴线-方城底","b2c6a49a-371d-4485-a7e1-04331a8bd9a7","330327101","330327101","温州市","苍南县","龙港镇","","325802","0577-64767987","","","","www.cnglw.com","","0","LINESTRING(120.631921 27.482493, 120.631868 27.483759, 120.63013 27.484177, 120.630033 27.482675)","cnxgld@163.com","d5d164ee9f194c47904fb116131c751e","","3","3","2016/11/23 09:01:18","37498","37498","2016/11/23 09:23:52","","2016/11/23 09:24:51","37498","","37498","2016/12/28 10:10:41","不通过","需按实际线路采集","","","","","","","","","","","","","","","","","","","","","","","","","","","","","","2017/1/3 19:27:23","37498","不通过","需按实际线路采集","","2016/11/23 09:24:50","","","","","-1","","","1","","","","37498","2017/1/3 19:27:23","村道","0.545","C537330327","2014年12月1日","四级",""
"9915","大路-新岸","918f3434-f6b7-4041-b9aa-320ed1d4f262","330327100","330327100","温州市","苍南县","灵溪镇","","325800","0577-64767988","","","","www.cnglw.com","","0","LINESTRING(120.357263 27.475755, 120.359902 27.472719)","cnxgld@163.com","da28c547597846d384a8b01658046ec5","","3","3","2016/11/23 09:01:18","37498","37498","2016/11/23 09:24:14","","2016/11/23 09:25:14","37498","","37498","2016/12/28 10:10:41","不通过","需按实际线路采集","","","","","","","","","","","","","","","","","","","","","","","","","","","","","","2017/1/3 19:27:23","37498","不通过","需按实际线路采集","","2016/11/23 09:25:13","","","","","-1","","","1","","","","37498","2017/1/3 19:27:23","村道","0.479","C540330327","2014年10月1日","四级",""
"9916","灵龙大道","4d081cd3-eaad-4944-a830-4c5ff9a7a0bc","330327","330327","温州市","苍南县","","","325800；302802；325803","0577-64767989","","","","www.cnglw.com","灵龙大道起点位于苍南县灵溪镇郑家村玉苍大道与苍南大道相交处，经前村至仓基桥与灵宜公路平交，经河口叶村、江苏村后设横阳支江大桥上跨横阳支江，经三大庙至后村设龙金大道分离上跨龙金大道，并在本节点设置宜山互通，继续前进至严处与龙金公路平交，经余南村至章良与龙巴公路平交，项目终点与时代大道（苍南县海涂围垦临港产业基地）相接，路线总体呈西东走向，路线全长15.809公里。按《公路工程技术标准》（JTGB01-2003）一级公路标准设计，设计速度80公里/小时。路基宽32米，路幅布置为：中央分隔带2.0米 左侧路缘带2×0.5米 行车道2×11.25米 硬路肩2×2.5米 土路肩2×0.75米。路面结构为5厘米厚AC-13C型沥青砼 7厘米厚AC-20C型沥青砼，基层采用34厘米厚水泥稳定碎石，底基层采用16厘米厚水泥稳定碎石。桥涵与路基同宽，桥涵设计荷载标准公路I级，设计洪水频率：1/100。路面设计标准轴载BZZ-100。于2012年6月12日开工，2014年12月30日完工。","0","LINESTRING(120.443249 27.519255, 120.608457 27.542891)","cnxgld@163.com","3a58c6507de244388cdd915152ae2e68","","3","3","2016/11/23 09:01:18","37498","37498","2016/11/23 09:24:52","","2016/11/23 09:25:51","37498","","37498","2016/12/28 10:10:41","不通过","需按实际线路采集","","","","","","","","","","","","","","","","","","","","","","","","","","","","","","2017/1/3 19:27:23","37498","不通过","需按实际线路采集","","2016/11/23 09:25:50","","","","","-1","","","1","","","","37498","2017/1/3 19:27:23","县道","15.809","X529330327","2015年1月1日","一级",""
"9917","新岭-溪心","52d05233-6f66-418b-8fab-49ab7e930cae","330327","330327","温州市","苍南县","","","325800；325801","0577-64767990","","","","www.cnglw.com","","0","LINESTRING(120.404636 27.465557, 120.414078 27.481619)","cnxgld@163.com","04c8f1b5f89145c689bc35cb4b66bdb0","","3","3","2016/11/23 09:01:18","37498","37498","2016/11/23 09:25:21","","2016/11/23 09:26:20","37498","","37498","2016/12/28 10:10:41","不通过","需按实际线路采集","","","","","","","","","","","","","","","","","","","","","","","","","","","","","","2017/1/3 19:27:23","37498","不通过","需按实际线路采集","","2016/11/23 09:26:19","","","","","-1","","","1","","","","37498","2017/1/3 19:27:23","村道","7.094","C533330327","2015年5月1日","四级",""
"9918","横支-平水","a685a804-ae79-4511-b1c9-39161260b562","330327100","330327100","温州市","苍南县","灵溪镇","","325800","0577-64767991","","","","www.cnglw.com","","0","LINESTRING(120.449553 27.526299, 120.451655 27.5222)","cnxgld@163.com","21929324c7b14c3398ebd3bddae4b4b7","","3","3","2016/11/23 09:01:18","37498","37498","2016/11/23 09:26:10","","2016/11/23 09:27:09","37498","","37498","2016/12/28 10:11:14","不通过","需按实际线路采集","","","","","","","","","","","","","","","","","","","","","","","","","","","","","","2017/1/3 19:27:23","37498","不通过","需按实际线路采集","","2016/11/23 09:27:08","","","","","-1","","","1","","","","37498","2017/1/3 19:27:23","村道","0.518","C535330327","2015年2月1日","四级",""
"9919","苍溪-桥玉线","827c5dd5-805d-4953-95ec-e440b5f82b8e","330327","330327","温州市","苍南县","","","325800；325806","0577-64767992","","","","www.cnglw.com","","0","LINESTRING(120.345048 27.510694, 120.312508 27.503731)","cnxgld@163.com","31933aeaf55b448f887431906a850b85","","3","3","2016/11/23 09:01:18","37498","37498","2016/11/23 09:26:31","","2016/11/23 09:27:30","37498","","37498","2016/12/28 10:10:41","不通过","需按实际线路采集","","","","","","","","","","","","","","","","","","","","","","","","","","","","","","2017/1/3 19:27:23","37498","不通过","需按实际线路采集","","2016/11/23 09:27:29","","","","","-1","","","1","","","","37498","2017/1/3 19:27:23","村道","6.163","C538330327","2015年12月1日","四级",""
"9920","马沙线-龙新线","336845b3-36d5-402b-a98c-d896858b8f9a","330327118","330327118","温州市","苍南县","马站镇","","325809","0577-64767993","","","","www.cnglw.com","","0","LINESTRING(120.446811 27.242392, 120.45607 27.237709)","cnxgld@163.com","52dd0dc3ae074c61b26adbeb6d203d44","","3","3","2016/11/23 09:01:18","37498","37498","2016/11/23 09:26:53","","2016/11/23 09:27:53","37498","","37498","2017/1/3 19:26:09","不通过","bufu","","","","56","2016/11/30 11:18:33","不通过","要求退回","","","","","","","","","","","","","","","","","","","","","","","2017/1/3 19:27:23","37498","不通过","bufu","","2016/11/23 09:27:52","","","","","-1","","","1","","","","37498","2017/1/3 19:27:23","村道","1.151","C541330327","2015年9月6日","四级",""
"9921","钱仙线-瓦海线","c0a40f94-6542-4a3b-9d45-26e708bfb193","330327104","330327104","温州市","苍南县","钱库镇","","325804","0577-64767994","","","","www.cnglw.com","","0","LINESTRING(120.567656 27.514486, 120.566041 27.522302)","cnxgld@163.com","7ccf8ccf4dc24d538abb4485a746fb95","","3","3","2016/11/23 09:01:18","37498","37498","2016/11/23 09:27:13","","2016/11/23 09:28:12","37498","","37498","2017/1/3 19:26:09","不通过","bufu","","","","56","2016/11/30 11:18:49","不通过","要求退回","","","","","","","","","","","","","","","","","","","","","","","2017/1/3 19:27:23","37498","不通过","bufu","","2016/11/23 09:28:11","","","","","-1","","","1","","","","37498","2017/1/3 19:27:23","村道","0.675","C542330327","2015年1月24日","四级",""
"9950","104国道平阳段郭庄至陈峡公路改建工程","1017d20b-b51e-4493-9d21-18f848775772","330326100","330326100","温州市","平阳县","昆阳镇","","325400","0577-58181707","","","","","104国道平阳段郭庄至陈峡公路改建工程：郭庄-雅山段于20151130通车、雅山-陈峡收费站段于20140128通车。","0","","","ef5c0db05a8540cfb8815952e96d0d5a","","0","2","2016/11/25 14:06:59","26985","26985","2016/11/25 14:15:31","","","","","","","","","","","","","","","","","","","","","","","","","","","","","","","","","","","","","","2016/11/25 14:15:31","26985","","","","","","","","","-1","","","0","","","","","","国道","9.463","G104","20151130、20140128","一级",""
"10045","103","f37639c6-b02f-4d03-b975-0e7a3e3244c7","330324","330324","温州市","永嘉县","","","","0577-67287699","","","","","","0","LINESTRING(120.743865966797 28.3204887807369, 120.734767913818 28.3073566854, 120.736312866211 28.3034084737301, 120.741291046143 28.296542018652, 120.740947723389 28.2951687276363)","","a4d1474dd2c14def9d93ae78f85d5a87","","3","2","2016/12/1 11:12:54","37865","","","","2016/12/1 11:12:55","37865","","37259","2016/12/2 09:13:03","不通过","测试","","","","","","","","","","","","","","","","","","","","","","","","","","","","","","2017/2/7 11:02:40","37865","不通过","测试","","2016/12/1 11:12:54","","","","","-1","","","1","","","","37865","2017/2/7 11:02:40","国道","11","104","2016年11月11日","",""
"10057","诸永高速公路温州段延伸工程","97706c7f-627c-4d43-ad76-64fd216a7eb2","330302024","330302024","温州市","鹿城区","滨江街道","","","18958759600","","","","","","0","LINESTRING(120.674 28.014622, 120.674343 28.018742, 120.67503 28.02166, 120.675888 28.023891, 120.683098 28.034534, 120.686703 28.038998, 120.689449 28.045006, 120.690823 28.049469, 120.692539 28.053246, 120.696316 28.055992, 120.701122 28.058224, 120.703869 28.060627, 120.705757 28.06406, 120.707817 28.06818, 120.707817 28.070927, 120.707474 28.073673, 120.707645 28.07539, 120.708847 28.076935, 120.710735 28.078823)","","0b5652eac80846afad4d0c3bdfc88b50","","4","2","2016/12/2 09:10:07","28718","","","","2016/12/2 09:10:08","28718","","28718","2016/12/2 11:14:52","通过","","","","","56","2016/12/30 10:53:57","通过","","","","","","","","","","","","","","","","","","","","","","","","2016/12/30 10:53:57","56","通过","","","2016/12/2 09:10:07","","","","","-1","","","0","1","","","","","高速","8.1公里","S26","2015年1月","高速公路",""
"10061","飞云江三桥","b9eb08be-52a5-4736-8b25-eea56d19430a","330341","330303005","温州市","龙湾区","海城街道","","325055","无","","","","","飞云江三桥接线工程是滨海大道与飞云江三桥连接线之间的延伸连接线，北起滨海大道四期终点，向南经后岗山南侧山麓，穿越前岗山，跨场浦桥至飞去江三桥接线瑞安段起点，全长3.702公里，按双向六车道一级公路建设，时速为每小时100公里，道路沿线涉桥梁7座
","0","LINESTRING(120.78146 27.839935, 120.779427 27.836722, 120.776879 27.832714, 120.775264 27.830182, 120.773209 27.82683, 120.771267 27.824131, 120.769202 27.821696, 120.766472 27.819014, 120.758768 27.813359)","","8a89be23d3944da99d1c899c81adbb8f","","4","2","2016/12/5 16:10:57","37733","","","","2016/12/5 16:10:58","37733","","37733","2016/12/5 16:11:06","通过","","","","","56","2016/12/30 10:53:57","通过","","","","","","","","","","","","","","","","","","","","","","","","2016/12/30 10:53:57","56","通过","","","2016/12/5 16:10:57","","","","","-1","","","0","1","","","","","县道","3.702公里","无","2014年5月20日","",""
"10064","仙清线","74a52979-2ea6-403b-9942-b6905c561aee","330324","330324","温州市","永嘉县","","","325100","0577-67028360","","","","www.yjglw.com/","九丈至上塘殿段改建","0","LINESTRING(120.701454877853 28.1586585380137, 120.70222735405 28.1598816253245, 120.703064203262 28.1612227298319, 120.703386068344 28.1618235446513, 120.703815221787 28.1624350883067, 120.704416036606 28.1628427840769, 120.705274343491 28.163207564503, 120.706143379211 28.1633148528636, 120.707870721817 28.1632504798472, 120.708900690079 28.1631217338145, 120.712677240372 28.1626603938639, 120.714222192764 28.162488732487, 120.717279911041 28.1620917655528, 120.718739032745 28.1618450023234, 120.720402002335 28.1613300181925, 120.721861124039 28.1608579494059, 120.722987651825 28.160514626652, 120.723567008972 28.1604609824717, 120.725562572479 28.1602356769145, 120.72719335556 28.1601283885539, 120.728620290756 28.1601391173899, 120.729349851608 28.1601713038981, 120.731012821198 28.160342965275, 120.731989145279 28.1605360843241, 120.733555555344 28.1608364917338, 120.734660625458 28.1610403396189, 120.736162662506 28.1616518832743, 120.736999511719 28.1622956134379, 120.737417936325 28.1627676822245, 120.737820267677 28.1634210515767, 120.738265514374 28.1644402910024, 120.738340616226 28.1649606395513, 120.738372802734 28.1659101415426, 120.738286972046 28.1663714814931, 120.738201141357 28.1675141025335, 120.738168954849 28.1679432559758, 120.738227963448 28.1684689689428, 120.738528370857 28.1693165469915, 120.738780498505 28.1698208022863, 120.739402770996 28.1706308294088, 120.740008950233 28.1712852884084, 120.740942358971 28.1723367143422, 120.741510987282 28.1729107070714, 120.742519497871 28.1739567685872, 120.742943286896 28.1743644643575, 120.743570923805 28.1749384570867, 120.744252204895 28.1755875516683, 120.744579434395 28.1759416032583, 120.745056867599 28.1770144868642, 120.745046138763 28.1774919200689, 120.744799375534 28.178232209757, 120.744085907936 28.1792407203466, 120.743882060051 28.1796001363546, 120.743281245232 28.1803779769689, 120.74301302433 28.1807749439031, 120.742337107658 28.1815205980092, 120.742160081863 28.1817888189107, 120.741409063339 28.1822394300252, 120.741038918495 28.182378904894, 120.740330815315 28.1826685834676, 120.739810466766 28.1829421687871, 120.739333033562 28.183285491541, 120.739054083824 28.1836610008031, 120.738742947578 28.1842510867864, 120.738619565964 28.1851630378515, 120.738635659218 28.1854741740972, 120.7386302948 28.1864826846868, 120.738598108292 28.1869279313833, 120.738651752472 28.1879042554647, 120.738571286201 28.1885909009725, 120.738619565964 28.189395563677, 120.7386302948 28.1898139882833, 120.738544464111 28.1905971933156, 120.738844871521 28.1925101950765, 120.739617347717 28.1930680945516, 120.741119384766 28.1938191130757, 120.742363929749 28.1948276236653, 120.742750167847 28.1958575919271, 120.743029117584 28.1972523406148, 120.742857456207 28.1986685469747, 120.742256641388 28.2000418379903, 120.740647315979 28.2042689993978, 120.74004650116 28.2059426978231, 120.739016532898 28.2099981978536, 120.738501548767 28.2123156264424, 120.73802947998 28.2159205153584, 120.737407207489 28.2174440100789, 120.737171173096 28.2186241820455, 120.736784934998 28.2214351370931, 120.736935138702 28.223044462502, 120.737385749817 28.224117346108, 120.738973617554 28.2251258566976, 120.740067958832 28.2265206053853, 120.739982128143 28.227550573647, 120.739123821259 28.2301469519734, 120.738308429718 28.2318850234151, 120.737557411194 28.2351251319051, 120.737063884735 28.2367559149861, 120.736269950867 28.2380219176412, 120.735991001129 28.2383652403951)","yjglnews@163.com","d3556ea283c44be4b64efdf5805d6164","","4","3","2016/12/6 09:24:38","37865","37865","2016/12/7 16:08:04","","2016/12/7 16:08:28","37865","","23187","2016/12/8 15:07:44","通过","","","","","56","2016/12/30 10:59:21","通过","","","","","","","","","","","","","","","","","","","","","","","","2016/12/30 10:59:21","56","通过","","","2016/12/7 16:08:27","","","","","-1","","","0","1","","","","","省道","14.104","  S223","2015年12月14日","公路一级",""
"10065","虹三线","41b4f80c-ef06-44ed-b079-a3d0aa642df4","330324","330324","温州市","永嘉县","","","325102","0577-67028360","","","","www.yjglw.com/","越江大桥至后江段改建","0","MULTILINESTRING((120.702232718468 28.14373254776, 120.702683329582 28.1434643268585, 120.703155398369 28.1431746482849, 120.70377767086 28.1427186727524, 120.704094171524 28.1425148248672, 120.704925656319 28.1422734260559, 120.705934166908 28.1419944763184, 120.707167983055 28.1416726112366, 120.70775270462 28.1415063142776, 120.707945823669 28.1414419412613, 120.708492994308 28.1410557031631, 120.708825588226 28.1408303976059, 120.709303021431 28.1405943632126, 120.709565877914 28.1404387950897), (120.709571242332 28.1404280662537, 120.710021853447 28.140122294426, 120.71028470993 28.1398594379425, 120.710499286652 28.1394785642624, 120.710740685463 28.1393069028854, 120.711078643799 28.1392586231232, 120.711234211922 28.1391137838364, 120.711362957954 28.1388026475906, 120.711502432823 28.1384056806564, 120.711808204651 28.1380623579025), (120.711818933487 28.1380462646484, 120.712548494339 28.1377780437469, 120.713342428207 28.1372737884521, 120.714576244354 28.1366729736328, 120.715670585632 28.1360507011414, 120.717955827713 28.1349670886993, 120.71949005127 28.1342375278473, 120.720627307892 28.133636713028, 120.721614360809 28.1329393386841, 120.722826719284 28.1320595741272, 120.723116397858 28.1314480304718), (120.72313785553 28.1313943862915, 120.7235455513 28.1306433677673, 120.724039077759 28.1300640106201, 120.724425315857 28.1292915344238, 120.724682807922 28.1285190582275, 120.72466135025 28.1277894973755, 120.724511146545 28.1271457672119, 120.723781585693 28.1263089179993, 120.723159313202 28.1257724761963, 120.722794532776 28.1252145767212, 120.722365379333 28.1249570846558, 120.721378326416 28.1250429153442, 120.720219612122 28.1251287460327, 120.719017982483 28.125, 120.717751979828 28.1242704391479, 120.717344284058 28.1239485740662, 120.716528892517 28.1236267089844, 120.715584754944 28.1231546401978, 120.715284347534 28.122661113739, 120.714769363403 28.1218028068542, 120.713889598846 28.1205153465271, 120.713546276093 28.119957447052, 120.712623596191 28.1184768676758), (120.712602138519 28.1183910369873, 120.710477828979 28.1147861480713, 120.709276199341 28.1120610237122, 120.708804130554 28.1102156639099, 120.708289146423 28.1083273887634, 120.707495212555 28.1064391136169, 120.706508159637 28.1050872802734), (120.706497430801 28.1050658226013, 120.705724954605 28.104475736618, 120.704941749573 28.1038320064545, 120.703986883163 28.1039929389954, 120.703568458557 28.1040787696838), (120.703557729721 28.1040680408478, 120.702806711197 28.1036710739136))","yjglnews@163.com","486e44aacc264b67848e701e3c9f0294","","4","3","2016/12/6 09:24:38","37865","37865","2016/12/7 14:29:30","","2016/12/7 14:29:52","37865","","23187","2016/12/8 15:18:33","通过","","","","","56","2016/12/30 10:59:21","通过","","","","","","","","","","","","","","","","","","","","","","","","2016/12/30 10:59:21","56","通过","","","2016/12/6 17:17:54","","","","","-1","","","0","1","","","","","县道","15.296","  X007330324","2015年12月14日","公路二级",""
"10066","坦五线","66760a20-7dde-434c-8592-9c86b11137da","330324106","330324106","温州市","永嘉县","碧莲镇","","325116","0577-67028360","","","","www.yjglw.com/","碧莲上至碧莲下段改建","0","LINESTRING(120.562613010407 28.3097205497324, 120.562505722046 28.3099565841258, 120.562376976013 28.3101282455027, 120.562473535538 28.3105573989451, 120.562505722046 28.3110401965678, 120.562537908554 28.3115444518626, 120.562537908554 28.3118115831167, 120.562580823898 28.3124445844442, 120.56257545948 28.3128200937063, 120.562591552734 28.3131205011159, 120.56260228157 28.3134530950338, 120.562613010407 28.3137910533696, 120.562639832497 28.3143757749349, 120.562650561333 28.3148210216314, 120.562677383423 28.3151858020574, 120.562688112259 28.3153789211065, 120.562709569931 28.3157061506063, 120.562731027603 28.315840261057, 120.562757849693 28.3165912795812, 120.562800765038 28.3170204330236, 120.562827587128 28.3173422981054, 120.562832951546 28.3176266122609, 120.562838315964 28.3177929092199, 120.56282222271 28.3184634614736, 120.562757849693 28.3187638688833, 120.562666654587 28.3190267253667, 120.562554001808 28.3192305732518, 120.562307238579 28.31961681135, 120.562092661858 28.3199547696859, 120.561904907227 28.3201157022268, 120.561636686325 28.320335643366, 120.561314821243 28.320523397997, 120.560971498489 28.3206736017019, 120.560612082481 28.3208398986608, 120.560252666473 28.3210276532918, 120.559743046761 28.3212583232671, 120.559356808662 28.3214299846441, 120.559051036835 28.3215372730047, 120.558176636696 28.3219825197011, 120.557929873466 28.3221166301519, 120.557436347008 28.3223794866353, 120.556926727295 28.3226369787008, 120.556519031525 28.3228408265859, 120.556191802025 28.3230232167989, 120.555902123451 28.3231841493398, 120.555768013 28.3232581615448, 120.555644631386 28.3234470058233, 120.555574893951 28.3236240316182, 120.555462241173 28.3238064218313, 120.555349588394 28.3239298034459)","yjglnews@163.com","3a99e6b3b2224083b5908d7ec7399930","","4","3","2016/12/6 09:24:38","37865","37865","2016/12/8 16:24:53","","2016/12/8 16:25:35","37865","","23187","2016/12/8 16:32:16","通过","","","","","56","2016/12/30 10:59:21","通过","","","","","","","","","","","","","","","","","","","","","","","","2016/12/30 10:59:21","56","通过","","","2016/12/7 16:00:34","","","","","-1","","","0","1","","","","","县道","8.354","  X115330324","2015年12月14日","公路二级",""
"10067","南复线","0f4a6d6b-e168-433b-8800-77761805c56b","330324","330324","温州市","永嘉县","","","325116","0577-67028360","","","","www.yjglw.com/","楠溪江二桥至大若村新建","0","MULTILINESTRING((120.744037628174 28.3315300941467, 120.74187040329 28.3309078216553, 120.739982128143 28.3300924301147, 120.737664699554 28.3293628692627, 120.735626220703 28.329062461853, 120.732343196869 28.3286118507385, 120.730240345001 28.3284187316895, 120.727665424347 28.3283758163452, 120.723996162415 28.3282041549683, 120.720520019531 28.3286762237549), (120.720455646515 28.3286762237549, 120.717215538025 28.3291268348694, 120.715413093567 28.3290839195251, 120.71270942688 28.3287620544434, 120.71099281311 28.3287191390991, 120.709018707275 28.3286118507385, 120.706958770752 28.3284831047058, 120.705542564392 28.3280754089355, 120.704684257507 28.3278822898865, 120.702688694 28.3283972740173, 120.701830387115 28.3284831047058, 120.701143741608 28.3282899856567, 120.700263977051 28.3278608322144, 120.698804855347 28.3267664909363, 120.69762468338 28.325629234314, 120.695478916168 28.3235263824463, 120.6946849823 28.3221960067749, 120.69408416748 28.3202433586121), (120.694041252136 28.3202004432678, 120.692689418793 28.3163380622864, 120.691080093384 28.3118748664856, 120.68972826004 28.3080983161926, 120.689148902893 28.3066391944885), (120.689148902893 28.3065962791443, 120.687110424042 28.3011031150818, 120.685565471649 28.2973909378052, 120.683827400208 28.293571472168, 120.682904720306 28.2922410964966), (120.682904720306 28.2921981811523, 120.680909156799 28.2898163795471, 120.679943561554 28.2885074615479, 120.679578781128 28.2872200012207, 120.679450035095 28.2856750488281, 120.678935050964 28.2845163345337, 120.678119659424 28.2831859588623, 120.676102638245 28.2817053794861, 120.674514770508 28.2811260223389, 120.672540664673 28.2804179191589, 120.67129611969 28.2796883583069, 120.670802593231 28.2790231704712), (120.670759677887 28.278980255127, 120.668892860413 28.2769632339478, 120.667541027069 28.2758259773254, 120.665845870972 28.2747530937195, 120.663871765137 28.2739591598511, 120.662369728088 28.2736372947693, 120.660266876221 28.273401260376, 120.65792798996 28.2735729217529, 120.656189918518 28.2738947868347, 120.653872489929 28.2746458053589, 120.652198791504 28.2754611968994, 120.650610923767 28.2762980461121), (120.650589466095 28.2762980461121, 120.650095939636 28.2772421836853, 120.648293495178 28.2785296440125, 120.64679145813 28.2799887657166, 120.645847320557 28.2815337181091, 120.644817352295 28.2821989059448, 120.64385175705 28.2827138900757, 120.642199516296 28.283679485321, 120.641040802002 28.2842373847961, 120.639495849609 28.2847738265991, 120.63818693161 28.2849884033203, 120.636706352234 28.2850527763367, 120.635719299316 28.2848167419434, 120.634603500366 28.284215927124, 120.6334233284 28.2832932472229, 120.632586479187 28.2823920249939, 120.631513595581 28.2811903953552))","yjglnews@163.com","ab359876d8274a51971bb2991f322172","","4","3","2016/12/6 09:24:38","37865","37865","2016/12/7 14:58:07","","2016/12/7 14:58:30","37865","","23187","2016/12/8 15:16:19","通过","","","","","56","2016/12/30 10:59:21","通过","","","","","","","","","","","","","","","","","","","","","","","","2016/12/30 10:59:21","56","通过","","","2016/12/7 14:58:29","","","","","-1","","","0","1","","","","","县道","15.246","  X127330324","2015年12月14日","公路一级",""
"10068","诸永高速延伸线","bf462ef6-3555-489a-aa52-0293f8ff16fb","330324006","330324006","温州市","永嘉县","三江街道","","325102","0577-67028360","","","","www.yjglw.com/","后江村至鹿城新建","0","MULTILINESTRING((120.708042383194 28.0761859752238, 120.707377195358 28.0753062106669, 120.707184076309 28.0743835307658, 120.707334280014 28.0734930373728), (120.707430839539 28.0734244734049, 120.707859992981 28.0705062299967, 120.707902908325 28.0692187696695, 120.707087516785 28.0667296797037), (120.707087516785 28.0665580183268, 120.705456733704 28.0634251981974, 120.703911781311 28.0603352934122, 120.702023506165 28.0588332563639, 120.699319839478 28.0571166425943, 120.696358680725 28.0557433515787), (120.696315765381 28.0556575208902, 120.694513320923 28.0549279600382, 120.692582130432 28.0533400923014, 120.691595077515 28.0513230711222, 120.690479278564 28.0490485578775, 120.689277648926 28.04552949965, 120.688419342041 28.0426068976521, 120.688226222992 28.0420060828328), (120.688247680664 28.0419417098165, 120.687453746796 28.0402036383748, 120.686123371124 28.0381437018514, 120.684986114502 28.0365129187703, 120.683870315552 28.0353542044759), (120.68384885788 28.0352683737874, 120.682239532471 28.0336590483785, 120.681188106537 28.032307215035, 120.681037902832 28.0320926383138))","yjglnews@163.com","94d2f502ed844fc3a63fad99323ff3e9","","4","3","2016/12/6 09:24:38","37865","37865","2016/12/7 14:30:51","","2016/12/7 14:31:13","37865","","23187","2016/12/8 15:17:47","通过","","","","","56","2016/12/30 10:59:21","通过","","","","","","","","","","","","","","","","","","","","","","","","2016/12/30 10:59:21","56","通过","","","2016/12/6 17:24:12","","","","","-1","","","0","1","","","","","高速","8.138","  S26a","2014年12月31日","高速公路",""
"10069","永缙复线","717cd847-5b84-4d4b-be6a-561251410d64","330324107","330324107","温州市","永嘉县","巽宅镇","","325117","0577-67028360","","","","www.yjglw.com/","后村至横鹏村","0","MULTILINESTRING((120.487108826637 28.3424102235585, 120.486797690392 28.3433221746236), (120.486797690392 28.3433168102056, 120.486508011818 28.3441375661641, 120.48622906208 28.3449100423604), (120.48622906208 28.3449046779424, 120.486035943031 28.3456932473928, 120.485864281654 28.3464871812612), (120.485864281654 28.3464871812612, 120.485837459564 28.3469431567937, 120.485569238663 28.3477907348424), (120.485569238663 28.3477853704244, 120.485574603081 28.3487670589238, 120.485574603081 28.349147932604), (120.485579967499 28.3491372037679, 120.485542416573 28.3501027990133, 120.485483407974 28.3504032064229), (120.485483407974 28.350408570841, 120.485327839851 28.3514385391027, 120.485215187073 28.3520929981023), (120.485220551491 28.3520715404302, 120.485102534294 28.3530425000936, 120.485054254532 28.3532731700689, 120.485118627548 28.3537023235112), (120.485123991966 28.3537023235112, 120.485172271729 28.3546089101583, 120.485134720802 28.3552043605596), (120.48514008522 28.3551882673055, 120.48503279686 28.3559500146657, 120.484925508499 28.3565132785589), (120.484925508499 28.3565025497228, 120.484946966171 28.3566849399358, 120.485038161278 28.3568405080587, 120.485402941704 28.3572696615011, 120.485869646072 28.357795374468, 120.486373901367 28.3581440616399), (120.486379265785 28.3581386972219, 120.486615300179 28.3583264518529, 120.487001538277 28.3584820199758, 120.487280488014 28.3586214948446, 120.487559437752 28.3587395120412, 120.488101243973 28.358889715746, 120.48838019371 28.3589862752706, 120.488825440407 28.3592330385, 120.489050745964 28.3593564201146, 120.489436984062 28.3595227170736), (120.48944234848 28.3595280814916, 120.489780306816 28.3596836496145, 120.489882230759 28.3597158361226, 120.490348935127 28.3597212005407, 120.490847826004 28.3598338533193, 120.491153597832 28.3599465060979, 120.491518378258 28.3601128030568, 120.49164712429 28.3602200914174, 120.491808056831 28.3605312276632, 120.491985082626 28.360853092745), (120.491985082626 28.3608423639089, 120.492253303528 28.3614270854741, 120.492398142815 28.361754314974, 120.492349863052 28.3618937898427, 120.492172837257 28.3621137309819, 120.491883158684 28.3624731469899), (120.491883158684 28.362478511408, 120.491089224815 28.3633582759649, 120.490896105766 28.3636318612844), (120.490896105766 28.3636264968663, 120.490295290947 28.3642434049398, 120.48976957798 28.3646725583822, 120.489270687103 28.3648388553411), (120.489265322685 28.3648442197591, 120.488728880882 28.3650319743901, 120.48802614212 28.3652143646032, 120.487280488014 28.3653967548162, 120.486749410629 28.3655201364309, 120.486078858376 28.3656810689718, 120.485907196999 28.3657615352422), (120.485907196999 28.3657615352422, 120.485478043556 28.366083400324, 120.485252737999 28.3663945365697, 120.485236644745 28.3667217660695, 120.485268831253 28.3669256139547, 120.485327839851 28.3670811820775, 120.485429763794 28.3672152925283), (120.485429763794 28.3672152925283, 120.485697984695 28.3676337171346, 120.485960841179 28.3680575061589, 120.486116409302 28.3683364558965, 120.486111044884 28.3685617614537, 120.486105680466 28.3688675332814, 120.486019849777 28.3691625762731), (120.486025214195 28.3691572118551, 120.485858917236 28.3695970941335, 120.485697984695 28.3700369764119, 120.485606789589 28.3704446721822, 120.485601425171 28.3706377912313), (120.485606789589 28.3706377912313, 120.485596060753 28.3712761569768, 120.485612154007 28.3720969129354, 120.485606789589 28.3722953964025), (120.485612154007 28.3722900319844, 120.485558509827 28.3731268811971, 120.48541367054 28.3736204076558, 120.485295653343 28.3739154506475), (120.485290288925 28.3739208150655, 120.48500597477 28.3745323587209, 120.484780669212 28.3749561477453, 120.484528541565 28.3754174876958, 120.484383702278 28.3755515981466, 120.48429787159 28.3756749797612), (120.48429787159 28.3756749797612, 120.484217405319 28.3759002853185, 120.484120845795 28.3760236669332, 120.483820438385 28.3762865234166, 120.483568310738 28.376350896433, 120.483423471451 28.3764206338674, 120.48326253891 28.3765547443181, 120.482897758484 28.3767264056951, 120.482613444328 28.3767746854573, 120.482404232025 28.3768229652196, 120.482103824615 28.3768015075475, 120.481728315353 28.3767424989492, 120.481486916542 28.3766137529165, 120.481224060059 28.3764957357198), (120.481213331223 28.3764850068837, 120.480886101723 28.3762972522527, 120.480440855026 28.3760719466954, 120.480006337166 28.3758734632283, 120.479700565338 28.3757554460317, 120.47936797142 28.3756642509252, 120.478885173798 28.375637428835, 120.478547215462 28.3756857085973, 120.478300452232 28.3757447171956), (120.478300452232 28.3757554460317, 120.478042960167 28.3758734632283, 120.477806925774 28.3760183025151, 120.47759771347 28.3761577773839, 120.477549433708 28.376345532015, 120.477581620216 28.3765922952443, 120.477645993233 28.3769785333425, 120.477747917175 28.3771984744817, 120.47792494297 28.3774774242193, 120.478021502495 28.3775954414159), (120.478026866913 28.3776008058339, 120.478439927101 28.3783571887761, 120.478590130806 28.3786736894399, 120.478718876839 28.3791082073003, 120.478799343109 28.3793817926198, 120.478836894035 28.3794622588903), (120.478836894035 28.3794622588903, 120.478842258453 28.3798645902425, 120.478713512421 28.3802347350866, 120.478456020355 28.3805190492421, 120.478059053421 28.380857007578, 120.477672815323 28.3811735082418), (120.477662086487 28.3811896014959, 120.477232933044 28.3815597463399, 120.47675549984 28.3820103574544, 120.476567745209 28.3823054004461, 120.476396083832 28.3825146127492, 120.476267337799 28.3826487232, 120.476004481316 28.3828525710851, 120.475854277611 28.3829169441015), (120.475848913193 28.3829276729375, 120.475553870201 28.3830993343145, 120.475178360939 28.3833085466176, 120.474942326546 28.383555309847, 120.474840402603 28.3838610816747, 120.474888682365 28.3841561246663, 120.47503888607 28.3843867946416, 120.475237369537 28.3845209050924, 120.475596785545 28.3847837615758, 120.475757718086 28.3848803211004), (120.475768446922 28.3848964143544, 120.476272702217 28.3854704070836, 120.476744771004 28.3862267900258, 120.477018356323 28.3865593839437, 120.477072000504 28.3867471385747), (120.477072000504 28.3867417741567, 120.477066636086 28.3876537252218, 120.47710955143 28.3879863191396, 120.477131009102 28.3883993793279), (120.47713637352 28.3883993793279, 120.477152466774 28.3886729646474, 120.477345585823 28.3889143634588, 120.477522611618 28.389139669016, 120.477576255798 28.3893059659749, 120.477603077889 28.3895098138601, 120.477640628815 28.3898906875402, 120.477710366249 28.3902018237859, 120.477801561356 28.3903895784169), (120.477801561356 28.3903895784169, 120.477978587151 28.3908723760396, 120.477892756462 28.3910118509084, 120.477694272995 28.3913444448262, 120.47757089138 28.3919023443013, 120.477656722069 28.3922617603093), (120.477656722069 28.3922671247274, 120.477629899979 28.392379777506, 120.477399230003 28.3925192523748, 120.477157831192 28.3926640916616, 120.476766228676 28.3930503297597, 120.476498007774 28.39345802553, 120.476283431053 28.3936672378331, 120.475838184357 28.393999831751), (120.475838184357 28.393999831751, 120.475360751152 28.394353883341, 120.474727749825 28.3946972060949, 120.474271774292 28.394895689562, 120.473837256432 28.3950405288488, 120.473520755768 28.3950941730291, 120.473198890686 28.3952121902257, 120.473054051399 28.3952121902257, 120.472710728645 28.3950137067586), (120.472705364227 28.3950137067586, 120.472587347031 28.3950137067586, 120.472410321236 28.395078079775, 120.472286939621 28.3951531816274, 120.472131371498 28.3951317239553, 120.471948981285 28.3950244355947, 120.471857786179 28.3949707914144, 120.471546649933 28.3949654269964, 120.471262335777 28.3949225116521, 120.470876097679 28.3948581386358, 120.470640063286 28.3947347570211, 120.470554232597 28.3945952821523, 120.470371842384 28.3944289851934, 120.470098257065 28.3943270612508, 120.469905138016 28.3942305017263, 120.469771027565 28.3941232133657), (120.469760298729 28.3941071201116, 120.469508171082 28.3938657213002, 120.469234585762 28.3936135936528, 120.468826889992 28.3930610585958, 120.468606948853 28.3929001260549, 120.468488931656 28.3925514388829, 120.468376278877 28.3922295738012), (120.468376278877 28.392208116129, 120.468226075172 28.3917253185064, 120.468220710754 28.3914141822606, 120.468145608902 28.3908616472036, 120.468065142632 28.3905344177038), (120.468059778214 28.3905183244497, 120.467727184296 28.3900516200811, 120.467378497124 28.3897780347615, 120.466858148575 28.3895151782781, 120.466058850288 28.3890001941472, 120.465822815895 28.3889143634588, 120.465661883354 28.3890001941472, 120.465635061264 28.389145033434, 120.465511679649 28.3898960519582, 120.465452671051 28.390040891245), (120.465452671051 28.3900516200811, 120.465270280838 28.3904164005071, 120.465066432953 28.3905612397939, 120.464669466019 28.3909528423101, 120.464342236519 28.3912317920476, 120.464186668396 28.3913873601705), (120.464186668396 28.3913819957525, 120.463832616806 28.3917843271047, 120.463430285454 28.3921115566045, 120.462942123413 28.3925782609731, 120.46273291111 28.392739193514), (120.462743639946 28.392744557932, 120.462389588356 28.3930074144155, 120.462089180946 28.3932219911367, 120.461601018906 28.3935009408742, 120.461230874062 28.3937530685216, 120.461080670357 28.3938603568822), (120.461075305939 28.3938603568822, 120.460785627365 28.3940534759313, 120.460340380669 28.3943807054311, 120.460211634636 28.3946328330785, 120.460206270218 28.3948366809636, 120.460302829742 28.3949976135045, 120.460512042046 28.3952443767339, 120.46066224575 28.395448224619, 120.460689067841 28.3956896234304), (120.460689067841 28.3956949878484, 120.460683703423 28.3964835572988, 120.460656881332 28.3970414567739, 120.460571050644 28.3973847795278, 120.460495948792 28.3975135255605), (120.46050131321 28.3975081611425, 120.460206270218 28.398135798052, 120.459959506989 28.3987473417073, 120.459905862808 28.3989833761007, 120.460013151169 28.3992945123464, 120.460179448128 28.399412529543), (120.460184812546 28.399412529543, 120.46050131321 28.4000240731984, 120.460399389267 28.4003620315343), (120.460399389267 28.4003620315343, 120.460007786751 28.4008877445012, 120.459594726563 28.4014241863042, 120.459197759628 28.401746051386, 120.459101200104 28.4018157888204), (120.459106564522 28.4018157888204, 120.458747148514 28.4022234845906, 120.458688139915 28.4025453496724, 120.458741784096 28.4027170110494, 120.45875787735 28.4029798675328, 120.458607673645 28.4032373595983, 120.45843064785 28.403360741213), (120.45843064785 28.4033553767949, 120.458173155785 28.4036128688604, 120.457663536072 28.4039669204503, 120.45734167099 28.4042405057698, 120.457062721252 28.4044979978353, 120.456692576408 28.4048681426793, 120.456638932228 28.404991524294), (120.456638932228 28.4049968887121, 120.456644296646 28.4052114654332, 120.456783771515 28.4053187537938, 120.457019805908 28.4054474998266, 120.458060503006 28.4060161281377, 120.458709597588 28.4066223073751, 120.458908081055 28.4068529773504), (120.458908081055 28.4068583417684, 120.459696650505 28.4076576400548, 120.460152626038 28.4082638192922, 120.460222363472 28.4086929727346), (120.460222363472 28.4086929727346, 120.460216999054 28.4094815421849, 120.460426211357 28.4099160600454, 120.460678339005 28.4100608993322, 120.461145043373 28.4103130269796, 120.461375713348 28.410570519045, 120.461509823799 28.4106778074056), (120.461515188217 28.4106724429876, 120.462234020233 28.4113912750036, 120.462400317192 28.411654131487, 120.462421774864 28.4120242763311), (120.462427139282 28.4120296407491, 120.462411046028 28.4126733709127, 120.462368130684 28.4129684139043, 120.462201833725 28.4133385587484, 120.462148189545 28.4135316777974), (120.462142825127 28.4135370422155, 120.4621052742 28.4140734840184, 120.46205163002 28.4143148828298, 120.461735129356 28.4146421123296, 120.461397171021 28.4149747062474), (120.461397171021 28.4149800706655, 120.460705161095 28.4155218768865, 120.460184812546 28.4158759284765, 120.459879040718 28.4161226917058), (120.4598736763 28.4161280561239, 120.459347963333 28.4165518451482, 120.458629131317 28.4170936513692, 120.45810341835 28.4174637962133, 120.457808375359 28.4175818134099), (120.457797646523 28.4175818134099, 120.457384586334 28.4177642036229, 120.456928610802 28.4179090429097, 120.456241965294 28.4181772638112, 120.45584499836 28.4183918405324, 120.455405116081 28.4186493325979, 120.454997420311 28.418858544901, 120.454793572426 28.4189604688436), (120.454793572426 28.4189658332616, 120.454621911049 28.4190623927861, 120.453988909721 28.4193037915975, 120.453452467918 28.4195559192449, 120.453152060509 28.4198134113103, 120.452803373337 28.420119183138, 120.452476143837 28.4203981328756, 120.452234745026 28.4206395316869), (120.452234745026 28.4206341672689, 120.451821684837 28.4209721256047, 120.451510548592 28.4211276937276, 120.451049208641 28.4213047195226, 120.450593233109 28.4213315416127, 120.450255274773 28.421374456957, 120.449960231781 28.4214602876455, 120.449493527412 28.4216534066945, 120.44911801815 28.4218518901616), (120.449112653732 28.4218572545797, 120.448758602142 28.4220450092107, 120.448141694069 28.4223346877843, 120.447696447372 28.4225331712514, 120.447379946709 28.4227262903005, 120.447036623955 28.4228979516774, 120.446704030037 28.4230588842183), (120.446698665619 28.4230642486364, 120.446382164955 28.4232251811773, 120.446022748947 28.4233914781362, 120.445459485054 28.4236167836934, 120.445083975792 28.4238099027425, 120.444821119308 28.4240191150457, 120.444504618645 28.4242712426931), (120.444493889809 28.4242712426931, 120.443866252899 28.4247647691518, 120.443115234375 28.4252582956105, 120.442546606064 28.4255640674382, 120.442160367966 28.4258215595037), (120.44214963913 28.4258269239217, 120.441897511482 28.4259449411184, 120.441430807114 28.426052229479, 120.440738797188 28.4262936282903, 120.440341830254 28.4265672136098, 120.43939769268 28.4272324014455), (120.439392328262 28.4272324014455, 120.438882708549 28.427495257929, 120.438233613968 28.4277205634862, 120.437332391739 28.4278332162648, 120.436635017395 28.4279136825353, 120.436152219772 28.4279190469533, 120.435824990273 28.4279565978795), (120.435814261436 28.4279565978795, 120.435261726379 28.4279565978795, 120.434730648994 28.4279512334615, 120.432418584824 28.4279029536992), (120.432418584824 28.4279029536992, 120.430337190628 28.4279565978795, 120.429409146309 28.42803706415, 120.429092645645 28.4280638862401, 120.428899526596 28.4280209708959), (120.42888879776 28.4280102420598, 120.428443551064 28.4279029536992, 120.428250432014 28.4278975892812, 120.427939295769 28.4280799794942, 120.427536964417 28.4282730985433, 120.427199006081 28.4282838273793, 120.426732301712 28.4282462764531, 120.426517724991 28.4281765390188, 120.426394343376 28.4281765390188, 120.42608320713 28.4282087255269, 120.42534828186 28.428219454363), (120.425342917442 28.428214089945, 120.424983501434 28.4283589292318, 120.4239320755 28.428578870371, 120.423100590706 28.4287827182561, 120.422649979591 28.4287934470922, 120.422564148903 28.4287344384938, 120.422312021255 28.428578870371, 120.422059893608 28.4284286666662, 120.421818494797 28.4282516408712), (120.421802401543 28.4282409120351, 120.421491265297 28.428214089945, 120.421121120453 28.4281926322728, 120.419313311577 28.4279190469533, 120.41911482811 28.4278117585927, 120.418792963028 28.4277259279042, 120.418481826782 28.4278010297567, 120.418294072151 28.4278171230108), (120.418288707733 28.4278235770762, 120.418020486832 28.4278772212565, 120.417537689209 28.4283063746989, 120.416893959045 28.4288964606822, 120.416121482849 28.4292505122721, 120.415756702423 28.4293792583048, 120.415155887604 28.4292934276164, 120.414683818817 28.4292826987803, 120.414222478867 28.4293899871409, 120.413825511932 28.429765496403, 120.413138866425 28.4302804805338, 120.41268825531 28.4304092265666, 120.412269830704 28.4305379725993), (120.412259101868 28.4305379725993, 120.411282777786 28.4307525493205, 120.410735607147 28.430666718632, 120.410284996033 28.430495057255, 120.409952402115 28.4301517345011, 120.409694910049 28.4296260215342, 120.409287214279 28.4291861392558, 120.408772230148 28.4289715625346, 120.408214330673 28.4288213588297, 120.407710075378 28.4288428165019, 120.407420396805 28.4291110374033, 120.407259464264 28.4294650889933, 120.407645702362 28.4304306842387, 120.407731533051 28.4312997199595), (120.407731533051 28.4312997199595, 120.407538414001 28.4322116710246, 120.407527685165 28.4325979091227, 120.407538414001 28.4330592490733, 120.407227277756 28.4336707927287, 120.407109260559 28.4341857768595, 120.407087802887 28.4345398284495), (120.407087802887 28.4345505572855, 120.407077074051 28.4360418654978, 120.407334566116 28.4375546313822, 120.407731533051 28.4379730559886), (120.407752990723 28.4379623271525, 120.408246517181 28.4389922954142, 120.408171415329 28.4393356181681, 120.407860279083 28.439861331135, 120.407366752625 28.4403119422495, 120.40656208992 28.4409127570689, 120.406068563461 28.441298995167))","yjglnews@163.com","82914dbbbf1d4508ad29140195600221","","4","3","2016/12/6 09:24:38","37865","37865","2016/12/7 15:36:18","","2016/12/7 15:36:41","37865","","23187","2016/12/8 15:15:16","通过","","","","","56","2016/12/30 10:59:21","通过","","","","","","","","","","","","","","","","","","","","","","","","2016/12/30 10:59:21","56","通过","","","2016/12/7 15:36:40","","","","","-1","","","0","1","","","","","县道","19.876","X129330324","2016年6月6日","公路三级",""
"10124","戬雪线","8c1a1a8d-025f-418e-8701-3fa464391137","330329","330329","温州市","泰顺县","","","","0577-67599750","","","","http://www.ts.gov.cn/website/tsgld/index.aspx","起点的经纬度119.9203、27.4601
终点的119.9234、27.3999","0","","","9916446a669045fa92de6485e5e2c732","","0","3","2016/12/15 17:01:31","37989","37989","2016/12/15 17:04:23","","","","","","","","","","","","","","","","","","","","","","","","","","","","","","","","","","","","","","2016/12/15 17:04:23","37989","","","","","","","","","-1","","","0","","","","","","县首","8.566","X720330329","20130930","二级",""
"10733","华山-水深","0628fe82-cd1e-41c0-b53e-b37157bdd3cb","330327","330327","温州市","苍南县","","","325800","0577-64767980","","","","www.cnglw.com","连接灵溪至龙港的一条快捷通道","0","LINESTRING(120.451998710632 27.5335514545441, 120.453146696091 27.5337767601013, 120.454981327057 27.5338518619537, 120.456869602203 27.5338518619537, 120.458999276161 27.5338250398636, 120.459830760956 27.5338840484619, 120.461525917053 27.5342381000519, 120.462867021561 27.5343614816666, 120.46417593956 27.534618973732, 120.465356111527 27.5349032878876, 120.467973947525 27.535697221756, 120.469148755074 27.5359869003296, 120.471273064613 27.5364804267883, 120.472362041473 27.5367271900177, 120.47359585762 27.5371831655502, 120.474352240562 27.5375211238861, 120.475757718086 27.5379878282547, 120.477431416512 27.5384867191315, 120.479979515076 27.5391894578934, 120.480843186378 27.5393879413605, 120.481460094452 27.5395220518112, 120.481991171837 27.5396132469177, 120.482672452927 27.53966152668, 120.483369827271 27.5396293401718, 120.48549413681 27.5393986701965, 120.489259958267 27.5389587879181, 120.490386486053 27.5388783216476, 120.491700768471 27.5389695167542, 120.492618083954 27.5391733646393, 120.499264597893 27.541099190712, 120.503599047661 27.542370557785, 120.504156947136 27.5426065921783, 120.504435896873 27.5428640842438, 120.504698753357 27.543261051178, 120.504773855209 27.5437223911285, 120.504752397537 27.544162273407, 120.504494905472 27.5475579500198, 120.503910183907 27.55515396595)","cnxgld@163.com","2309f4e246c24843a7f7266137d2a16f","","4","3","2017/1/6 16:04:33","41496","37498","2017/1/10 11:06:06","","2017/1/10 11:06:27","41496","","37498","2017/1/10 16:47:03","通过","","","","","56","2017/2/23 11:30:16","通过","","","","","","","","","","","","","","","","","","","","","","","","2017/2/23 11:30:16","56","通过","","","2017/1/10 11:06:26","","","","","-1","","","0","1","","","","","乡道","6.771","Y528330327","2014年10月31日","二级",""
"10734","宫西-南茶寮","d8b6d162-6022-4508-93da-39deb9fa4fa8","330327106","330327106","温州市","苍南县","望里镇","","325804","0577-64767981","","","","www.cnglw.com","望里镇连接宫西和南茶寮的一条村道","0","LINESTRING(120.532132387161 27.4747359752655, 120.530598163605 27.4783623218536)","cnxgld@163.com","f0c35c7f97034125a92e3acb4666fc6f","","4","3","2017/1/6 16:04:33","41496","37498","2017/1/10 15:06:12","","2017/1/10 15:06:33","41496","","37498","2017/1/10 16:47:03","通过","","","","","56","2017/2/23 11:30:16","通过","","","","","","","","","","","","","","","","","","","","","","","","2017/2/23 11:30:16","56","通过","","","2017/1/10 15:06:32","","","","","-1","","","0","1","","","","","村道","0.426","C525330327","2014年5月1日","四级",""
"10735","龙魁线-朱家","3fe57b1d-60ea-48dd-9a89-b3d9346c9f6b","330327117","330327117","温州市","苍南县","赤溪镇","","325807","0577-64767982","","","","www.cnglw.com","赤溪镇朱家自然村的一条通村公路","0","LINESTRING(120.54125726223 27.3047536611557, 120.540946125984 27.3048985004425, 120.54082274437 27.3049414157867, 120.540769100189 27.3049414157867, 120.540667176247 27.3049038648605, 120.540597438812 27.3048341274261, 120.540533065796 27.3047053813934, 120.540543794632 27.3045283555984, 120.540592074394 27.3043137788773, 120.540516972542 27.3041367530823, 120.540388226509 27.303900718689, 120.540307760239 27.3037827014923, 120.540254116058 27.3037934303284, 120.54022192955 27.3038578033447, 120.540280938148 27.3040455579758, 120.540307760239 27.3041903972626, 120.540313124657 27.3043727874756, 120.540259480476 27.3044908046722, 120.54019510746 27.304635643959, 120.540157556534 27.3047053813934, 120.540082454681 27.3047322034836, 120.540071725845 27.3046731948853, 120.54019510746 27.3044854402542, 120.540179014206 27.3043030500412, 120.540120005608 27.3042118549347, 120.540028810501 27.3040670156479, 120.539883971214 27.3039597272873, 120.539674758911 27.3038578033447, 120.539401173592 27.3037880659103, 120.538961291313 27.3036378622055, 120.538687705994 27.3035037517548, 120.538575053215 27.3034286499023, 120.538473129272 27.3033320903778, 120.538263916969 27.3033320903778, 120.538102984428 27.3033320903778, 120.537931323051 27.3032408952713, 120.537679195404 27.3031711578369, 120.537507534027 27.3030960559845, 120.537432432175 27.3030745983124, 120.537394881248 27.3031067848206, 120.537410974503 27.3031657934189, 120.537539720535 27.3032569885254, 120.537711381912 27.3033857345581, 120.537786483765 27.3034608364105, 120.537781119347 27.3035359382629, 120.537727475166 27.3035842180252, 120.537577271461 27.3034876585007, 120.537464618683 27.3034662008286, 120.536863803864 27.303375005722, 120.536584854126 27.3033267259598, 120.536370277405 27.3033213615417, 120.536128878593 27.3033106327057, 120.535898208618 27.3033428192139, 120.535721182823 27.3032730817795, 120.535613894463 27.3032301664352, 120.535275936127 27.3032516241074, 120.534916520119 27.3032194375992, 120.534814596176 27.303187251091, 120.534782409668 27.3032301664352, 120.534798502922 27.3032784461975, 120.534878969193 27.3033106327057, 120.535072088242 27.3033374547958, 120.535238385201 27.3033803701401, 120.535420775414 27.3034071922302, 120.535554885864 27.3034232854843, 120.535624623299 27.3034608364105, 120.535619258881 27.3035252094269, 120.535528063774 27.3035359382629, 120.535340309143 27.3034983873367, 120.535200834274 27.3035037517548, 120.535034537315 27.3035037517548, 120.534916520119 27.3035037517548, 120.534782409668 27.3035305738449, 120.534691214561 27.3035573959351, 120.534610748291 27.3035788536072, 120.534546375275 27.3036271333694, 120.534578561783 27.3036807775497, 120.53469657898 27.3036807775497, 120.535141825676 27.3036539554596, 120.535318851471 27.3036807775497, 120.535388588905 27.3037022352219, 120.535388588905 27.3037612438202, 120.535324215889 27.3037773370743, 120.535190105438 27.3037666082382, 120.535007715225 27.3037505149841, 120.534900426865 27.3037666082382, 120.53477704525 27.3037934303284, 120.534621477127 27.3038309812546, 120.53450345993 27.3038256168365, 120.53436934948 27.3037827014923, 120.534219145775 27.3037451505661, 120.53404211998 27.3036432266235, 120.533913373947 27.3036807775497, 120.533773899078 27.3037880659103, 120.533580780029 27.3037612438202, 120.533301830292 27.3037505149841, 120.533135533333 27.3037505149841, 120.532990694046 27.3037934303284, 120.532717108727 27.303906083107, 120.532266497612 27.3040241003036, 120.532062649727 27.3041796684265, 120.531912446022 27.3042869567871, 120.531735420227 27.3043781518936, 120.53161740303 27.3044800758362, 120.531499385834 27.3046410083771, 120.53148329258 27.3048341274261, 120.53148329258 27.3050540685654, 120.531671047211 27.3053061962128, 120.531794428825 27.3054671287537, 120.532094836235 27.305703163147, 120.532186031342 27.3057836294174, 120.532196760178 27.30588555336, 120.532062649727 27.3061645030975, 120.531842708588 27.3064112663269, 120.531831979752 27.3065024614334, 120.531885623932 27.3065829277039, 120.531955361366 27.3067063093185, 120.532014369965 27.306781411171, 120.532009005547 27.3068886995316, 120.531810522079 27.3070335388184)","cnxgld@163.com","b43ae767837a46e1b33048fca33cac1c","","4","3","2017/1/6 16:04:33","41496","37498","2017/1/10 16:45:17","","2017/1/10 16:45:37","41496","","37498","2017/1/10 16:47:03","通过","","","","","56","2017/2/23 11:30:16","通过","","","","","","","","","","","","","","","","","","","","","","","","2017/2/23 11:30:16","56","通过","","","2017/1/10 16:45:36","","","","","-1","","","0","1","","","","","村道","2.049","C530330327","2014年10月1日","四级",""
"10736","霞峰-后岘","d8a8acd3-e5ba-46f7-a11e-1fb5c08c8384","330327118","330327118","温州市","苍南县","马站镇","","325809","0577-64767983","","","","www.cnglw.com","","0","LINESTRING(120.461982 27.257735, 120.461413 27.256372, 120.460893 27.255074, 120.460453 27.25399, 120.460045 27.252971, 120.460056 27.252789, 120.460914 27.252542, 120.460893 27.252402, 120.460421 27.250793, 120.459906 27.249141, 120.459713 27.248368, 120.460807 27.248003)","cnxgld@163.com","8a8060a3b3394370a42ad362c3da302f","","4","3","2017/1/6 16:04:33","41496","37498","2017/1/10 14:52:51","","2017/1/10 14:53:12","41496","","37498","2017/1/10 16:47:03","通过","","","","","56","2017/2/23 11:30:16","通过","","","","","","","","","","","","","","","","","","","","","","","","2017/2/23 11:30:16","56","通过","","","2017/1/10 14:53:11","","","","","-1","","","0","1","","","","","村道","1.274","C531330327","2014年10月1日","四级",""
"10737","桥南线-墓庵","fac29449-9adc-4ee8-b19a-a0fdf3155efa","330327113","330327113","温州市","苍南县","桥墩镇","","325806","0577-64767984","","","","www.cnglw.com","","0","LINESTRING(120.286012887955 27.4783140420914, 120.286281108856 27.4780136346817, 120.286436676979 27.4779117107391, 120.28654396534 27.4778097867966, 120.28662443161 27.4777346849442, 120.286699533463 27.4775737524033, 120.286715626717 27.4774718284607, 120.286753177643 27.4773913621902, 120.286855101585 27.4772733449936, 120.286946296692 27.4772304296494, 120.287016034126 27.4772465229034, 120.287064313889 27.4773001670837, 120.286994576454 27.4774718284607, 120.286946296692 27.4776166677475, 120.286989212036 27.477713227272, 120.287016034126 27.4777829647064, 120.28700530529 27.477890253067, 120.286973118782 27.4779921770096, 120.286957025528 27.4781048297882, 120.28700530529 27.478249669075, 120.287069678307 27.4784535169601, 120.287117958069 27.4785876274109, 120.287182331085 27.4787110090256, 120.287262797356 27.4788129329681, 120.287418365479 27.4789577722549, 120.287547111511 27.4790436029434, 120.287638306618 27.479150891304, 120.287745594978 27.4792742729187, 120.287847518921 27.4793708324432, 120.2879601717 27.479504942894, 120.28804063797 27.4795961380005, 120.288158655167 27.4796497821808, 120.288233757019 27.4797195196152, 120.288298130035 27.4797785282135, 120.288383960724 27.4798214435577, 120.288459062576 27.4798107147217, 120.288496613503 27.4796658754349, 120.28847515583 27.479504942894, 120.288459062576 27.4793118238449, 120.288459062576 27.4791669845581, 120.288432240486 27.4788558483124, 120.288378596306 27.4786466360092, 120.288389325142 27.4785768985748, 120.28847515583 27.4785554409027, 120.288555622101 27.4786359071732, 120.288689732552 27.4787753820419, 120.288786292076 27.4789041280746, 120.288893580437 27.4790704250336, 120.288984775543 27.4792635440826, 120.289097428322 27.4794298410416, 120.289188623428 27.4795264005661, 120.289338827133 27.4796122312546, 120.289467573166 27.4796712398529, 120.289585590363 27.4797302484512, 120.289687514305 27.4797999858856, 120.28975725174 27.479875087738, 120.28983771801 27.4799394607544, 120.28991818428 27.4799501895905, 120.290020108223 27.4798965454102, 120.290025472641 27.4797892570496, 120.289977192879 27.4797034263611, 120.289912819862 27.4796229600906, 120.289725065231 27.4794942140579, 120.289596319199 27.4794352054596, 120.28956413269 27.4793386459351, 120.289558768272 27.4792313575745, 120.289741158485 27.4790650606155, 120.289789438248 27.4789953231812, 120.289719700813 27.4787592887878, 120.289639234543 27.478603720665, 120.289676785469 27.4785286188126, 120.28975725174 27.4784964323044, 120.289848446846 27.4785983562469, 120.289998650551 27.4787753820419, 120.290100574493 27.4788558483124, 120.290256142616 27.478963136673, 120.290427803993 27.4789416790009, 120.29057264328 27.4788826704025, 120.290679931641 27.478791475296, 120.290765762329 27.4786520004272, 120.290771126747 27.4784588813782, 120.290808677673 27.4783354997635, 120.290905237198 27.4782979488373, 120.290991067886 27.4783623218536, 120.291066169739 27.478432059288, 120.291130542755 27.4785500764847, 120.291184186935 27.4786788225174, 120.291275382042 27.4787271022797, 120.291371941566 27.4787163734436, 120.291452407837 27.4785929918289, 120.291473865509 27.4784374237061, 120.291532874107 27.4783784151077, 120.291779637337 27.4784749746323, 120.291844010353 27.4785500764847, 120.291876196861 27.4786573648453, 120.291929841042 27.4787110090256, 120.29201567173 27.4786895513535, 120.292128324509 27.4785715341568, 120.292160511017 27.4784642457962, 120.292063951492 27.4783998727798, 120.291929841042 27.4783301353455, 120.291876196861 27.4782925844193, 120.291903018951 27.4782282114029, 120.292058587074 27.4782228469849, 120.292214155197 27.4782282114029, 120.292326807976 27.4781960248947, 120.292418003082 27.4781477451324, 120.292509198189 27.4781155586243, 120.292546749115 27.4781852960587, 120.292600393295 27.4782657623291, 120.292648673058 27.4783247709274, 120.292729139328 27.4782872200012, 120.292739868164 27.4781960248947, 120.29269695282 27.4780994653702, 120.292584300041 27.4780029058456, 120.292375087738 27.4780243635178, 120.292246341705 27.478067278862, 120.292117595673 27.4780297279358, 120.292106866837 27.4779599905014, 120.292208790779 27.477890253067, 120.292364358902 27.4778580665588, 120.292519927025 27.4777561426163, 120.292627215385 27.4776756763458, 120.292798876762 27.477702498436, 120.292932987213 27.4777507781982, 120.293029546738 27.4777990579605, 120.29313147068 27.4778097867966, 120.29313147068 27.4777400493622, 120.29305100441 27.4776917695999, 120.292879343033 27.4775898456573, 120.292772054672 27.4774825572968, 120.29269695282 27.4773859977722, 120.292654037476 27.4773269891739, 120.29264330864 27.4772143363953, 120.292654037476 27.4771445989609, 120.292793512344 27.4771231412888, 120.292991995811 27.4771553277969, 120.293238759041 27.4772197008133)","cnxgld@163.com","0e78e3038f5f43958e84e71726d5e0e1","","4","3","2017/1/6 16:04:33","41496","37498","2017/1/10 16:32:35","","2017/1/10 16:32:56","41496","","37498","2017/1/10 16:47:03","通过","","","","","56","2017/2/23 11:30:16","通过","","","","","","","","","","","","","","","","","","","","","","","","2017/2/23 11:30:16","56","通过","","","2017/1/10 16:32:55","","","","","-1","","","0","1","","","","","村道","1.979","C532330327","2014年10月1日","四级",""
"10738","拱桥内-枫桐","2f709689-6408-4b26-ac8e-da4392d802ae","330327116","330327116","温州市","苍南县","矾山镇","","325807","0577-64767985","","","","www.cnglw.com","","0","LINESTRING(120.33917427063 27.376846075058, 120.339340567589 27.377033829689, 120.339388847351 27.3771572113037, 120.339447855949 27.3772376775742, 120.339549779892 27.3772644996643, 120.339699983597 27.3772537708282, 120.339769721031 27.3771411180496, 120.339726805687 27.3769319057465, 120.339871644974 27.3767387866974, 120.340016484261 27.3766905069351, 120.340139865875 27.3766797780991, 120.340375900269 27.3766797780991, 120.340542197227 27.3767441511154, 120.34069776535 27.3767602443695, 120.340874791145 27.3767280578613, 120.341003537178 27.3767924308777, 120.341196656227 27.3768192529678, 120.341336131096 27.37684071064, 120.341459512711 27.3768889904022, 120.341545343399 27.3769587278366, 120.341604351997 27.377028465271, 120.341620445251 27.3770874738693, 120.341572165489 27.377210855484, 120.341507792473 27.3772752285004, 120.341448783875 27.3774254322052, 120.341464877129 27.3774844408035, 120.341668725014 27.3775488138199, 120.341824293137 27.3776400089264, 120.342028141022 27.3777312040329, 120.342135429382 27.3778384923935, 120.342253446579 27.3779886960983, 120.342350006104 27.3781335353851, 120.342371463776 27.37828373909, 120.342366099358 27.3783963918686, 120.342339277267 27.3785036802292, 120.342333912849 27.3785680532455, 120.342392921448 27.378653883934, 120.342473387718 27.3787182569504, 120.342580676079 27.3787826299667, 120.34271478653 27.3788523674011, 120.34287571907 27.3788791894913, 120.343004465103 27.3789060115814, 120.343170762062 27.3789328336716)","cnxgld@163.com","6de2705f814045f293fb32b9003c938e","","4","3","2017/1/6 16:04:33","41496","37498","2017/1/10 16:10:02","","2017/1/10 16:10:22","41496","","37498","2017/1/10 16:47:03","通过","","","","","56","2017/2/23 11:30:16","通过","","","","","","","","","","","","","","","","","","","","","","","","2017/2/23 11:30:16","56","通过","","","2017/1/10 16:10:21","","","","","-1","","","0","1","","","","","村道","0.675","C534330327","2014年10月1日","四级",""
"10739","渡龙-西埕","d44d2df7-0562-408c-ba3a-8e14cf5c4f4d","330327100","330327100","温州市","苍南县","灵溪镇","","325800","0577-64767986","","","","www.cnglw.com","","0","LINESTRING(120.421046 27.509186, 120.423862 27.498999)","cnxgld@163.com","37024db5cae04ff88e47ee9c12151afc","","4","3","2017/1/6 16:04:33","41496","37498","2017/1/10 16:21:04","","2017/1/10 16:21:24","41496","","37498","2017/1/10 16:47:03","通过","","","","","56","2017/2/23 11:30:16","通过","","","","","","","","","","","","","","","","","","","","","","","","2017/2/23 11:30:16","56","通过","","","2017/1/10 16:21:23","","","","","-1","","","0","1","","","","","村道","1.167","C536330327","2014年12月1日","四级",""
"10740","金巴线-方城底","2af00a5e-2c74-483d-a21c-249fe4389ca6","330327101","330327101","温州市","苍南县","龙港镇","","325802","0577-64767987","","","","www.cnglw.com","","0","LINESTRING(120.631943 27.482498, 120.632061 27.482815, 120.632114 27.483056, 120.632039 27.483185, 120.631943 27.483566, 120.631835 27.483754, 120.631701 27.483829, 120.631278 27.483898, 120.630838 27.484, 120.63073 27.484113, 120.630119 27.484215, 120.629663 27.484344, 120.629373 27.48356, 120.629148 27.482885)","cnxgld@163.com","8b26f7f7dd9e4e1b8ec904f2c353f522","","4","3","2017/1/6 16:04:33","41496","37498","2017/1/10 16:06:51","","2017/1/10 16:07:11","41496","","37498","2017/1/10 16:47:03","通过","","","","","56","2017/2/23 11:30:16","通过","","","","","","","","","","","","","","","","","","","","","","","","2017/2/23 11:30:16","56","通过","","","2017/1/10 16:07:10","","","","","-1","","","0","1","","","","","村道","0.545","C537330327","2014年12月1日","四级",""
"10741","大路-新岸","a547a828-81da-4622-a8c0-c25f2dc15d8b","330327100","330327100","温州市","苍南县","灵溪镇","","325800","0577-64767988","","","","www.cnglw.com","","0","LINESTRING(120.357263 27.475744, 120.357724 27.474908, 120.35795 27.474425, 120.358154 27.474006, 120.358357 27.473609, 120.358497 27.473438, 120.358808 27.473363, 120.359226 27.47318, 120.359548 27.473052, 120.359924 27.472719)","cnxgld@163.com","ad73b4e40c0b429788dfc450106b0cf1","","4","3","2017/1/6 16:04:33","41496","37498","2017/1/10 16:06:08","","2017/1/10 16:06:29","41496","","37498","2017/1/10 16:47:03","通过","","","","","56","2017/2/23 11:30:16","通过","","","","","","","","","","","","","","","","","","","","","","","","2017/2/23 11:30:16","56","通过","","","2017/1/10 16:06:28","","","","","-1","","","0","1","","","","","村道","0.479","C540330327","2014年10月1日","四级",""
"10742","灵龙大道","3305d5a3-1046-4a62-b3c7-4a0fdedd941d","330327","330327","温州市","苍南县","","","325800","0577-64767989","","","","www.cnglw.com","灵龙大道起点位于苍南县灵溪镇郑家村玉苍大道与苍南大道相交处，经前村至仓基桥与灵宜公路平交，经河口叶村、江苏村后设横阳支江大桥上跨横阳支江，经三大庙至后村设龙金大道分离上跨龙金大道，并在本节点设置宜山互通，继续前进至严处与龙金公路平交，经余南村至章良与龙巴公路平交，项目终点与时代大道（苍南县海涂围垦临港产业基地）相接，路线总体呈西东走向，路线全长15.809公里。按《公路工程技术标准》（JTGB01-2003）一级公路标准设计，设计速度80公里/小时。路基宽32米，路幅布置为：中央分隔带2.0米 左侧路缘带2×0.5米 行车道2×11.25米 硬路肩2×2.5米 土路肩2×0.75米。路面结构为5厘米厚AC-13C型沥青砼 7厘米厚AC-20C型沥青砼，基层采用34厘米厚水泥稳定碎石，底基层采用16厘米厚水泥稳定碎石。桥涵与路基同宽，桥涵设计荷载标准公路I级，设计洪水频率：1/100。路面设计标准轴载BZZ-100。于2012年6月12日开工，2014年12月30日完工。","0","LINESTRING(120.443126 27.519228, 120.447986 27.520698, 120.45114 27.521589, 120.453469 27.522082, 120.456977 27.522651, 120.459616 27.523134, 120.463264 27.52426, 120.464981 27.524818, 120.46924 27.526267, 120.471268 27.5269, 120.472716 27.527221, 120.47366 27.527366, 120.47446 27.527398, 120.475924 27.527404, 120.477045 27.527329, 120.481642 27.526803, 120.484389 27.52647, 120.486192 27.526309, 120.487661 27.526256, 120.490505 27.526352, 120.492629 27.526621, 120.494571 27.526953, 120.497757 27.527522, 120.501673 27.528187, 120.506512 27.529024, 120.50898 27.529464, 120.511029 27.529678, 120.512767 27.529732, 120.514483 27.529614, 120.517809 27.529206, 120.52003 27.52897, 120.522326 27.528949, 120.52474 27.529056, 120.531081 27.529743, 120.533087 27.529721, 120.53519 27.529485, 120.538419 27.528745, 120.542979 27.527565, 120.545425 27.527136, 120.547764 27.527168, 120.551305 27.52793, 120.554212 27.528563, 120.557603 27.529292, 120.560188 27.53, 120.563407 27.531309, 120.566647 27.532758, 120.568095 27.533262, 120.570434 27.533777, 120.57361 27.534045, 120.57596 27.534206, 120.577912 27.53441, 120.580648 27.534935, 120.585058 27.535805, 120.590712 27.536899, 120.598812 27.539409)","cnxgld@163.com","2cfcad5963fd4a7fab41247bb6f9ca8f","","4","3","2017/1/6 16:04:33","41496","37498","2017/1/10 16:46:18","","2017/1/10 16:46:38","41496","","37498","2017/1/10 16:47:03","通过","","","","","56","2017/2/23 11:30:16","通过","","","","","","","","","","","","","","","","","","","","","","","","2017/2/23 11:30:16","56","通过","","","2017/1/10 16:46:37","","","","","-1","","","0","1","","","","","县道","15.809","X529330327","2015年1月1日","一级",""
"10743","新岭-溪心","eb0228a9-64cb-4430-a413-74a29dafeb4d","330327","330327","温州市","苍南县","","","325800","0577-64767990","","","","www.cnglw.com","","0","LINESTRING(120.404711 27.465643, 120.404765 27.46581, 120.404969 27.465954, 120.405232 27.466089, 120.405575 27.466287, 120.405661 27.466233, 120.405736 27.465971, 120.405967 27.46589, 120.406069 27.465912, 120.406058 27.465992, 120.40579 27.466196, 120.405784 27.466319, 120.405822 27.466598, 120.405731 27.466888, 120.40572 27.467081, 120.40565 27.467226, 120.405628681183 27.4675101041794, 120.405339 27.467837, 120.405253 27.467843, 120.405232 27.467741, 120.405318 27.467676, 120.405462384224 27.4674832820892, 120.405467748642 27.4673223495483, 120.405398 27.467215, 120.405323 27.467253, 120.405328 27.467365, 120.405355 27.467467, 120.405221 27.467633, 120.405129790306 27.4676924943924, 120.405049324036 27.4677461385727, 120.404958128929 27.4678319692612, 120.404883027077 27.4679124355316, 120.404748916626 27.4680411815643, 120.404465 27.468084, 120.404309034348 27.4681752920151, 120.404185652733 27.4682879447937, 120.404019355774 27.4685615301132, 120.403933525085 27.4686098098755, 120.403874516487 27.4685615301132, 120.403944253922 27.4684542417526, 120.404111 27.468154, 120.404153 27.468052, 120.404202 27.46795, 120.404159 27.467891, 120.404084 27.467918, 120.404046 27.468052, 120.403976 27.468191, 120.403896 27.468283, 120.403848 27.468342, 120.403708 27.468374, 120.403558 27.468374, 120.403413 27.468481, 120.403268 27.468599, 120.403183 27.468647, 120.403038 27.468669, 120.402914 27.468685, 120.402839 27.468808, 120.402791 27.468937, 120.402764 27.469141, 120.40285 27.469345, 120.40292 27.469549, 120.403016 27.469758, 120.40314 27.469919, 120.403242 27.470117, 120.403435 27.470214, 120.403617 27.470224, 120.403799 27.470165, 120.403955 27.470192, 120.4041 27.470278, 120.404223 27.470391, 120.40433 27.470434, 120.404524 27.470434, 120.404711 27.47052, 120.404937 27.470605, 120.405092 27.4706, 120.405189 27.470471, 120.405441 27.470337, 120.405629 27.470251, 120.405806 27.4703, 120.405956 27.470348, 120.406181 27.470326, 120.406423 27.470348, 120.406551 27.470294, 120.406658649445 27.4702727794647, 120.406744480133 27.4703371524811, 120.406830310822 27.4704551696777, 120.4069429636 27.4705463647842, 120.40712 27.470605, 120.407302 27.470713, 120.407469 27.470815, 120.407517 27.470981, 120.407538 27.471099, 120.407635 27.471469, 120.40771 27.471684, 120.407694 27.471871, 120.40763 27.471968, 120.407576 27.472054, 120.407581 27.472156, 120.407651 27.472215, 120.40778 27.472263, 120.407909 27.47229, 120.407962 27.472408, 120.408 27.47252, 120.408015847206 27.4726063013077, 120.407962 27.472681, 120.40786 27.47274, 120.407801 27.47288, 120.407715 27.472982, 120.407624 27.473041, 120.407463 27.4731, 120.407286 27.473239, 120.407066 27.473438, 120.406793 27.473572, 120.406675 27.473658, 120.406648 27.473765, 120.406825 27.473937, 120.406986 27.47406, 120.407072 27.474119, 120.407115 27.474312, 120.407184 27.474419, 120.407265 27.474505, 120.40729701519 27.4745213985443, 120.407329201698 27.4745804071426, 120.407334566116 27.474644780159, 120.407302 27.474725, 120.407249 27.474822, 120.407233 27.474908, 120.407227 27.47502, 120.407152 27.475111, 120.407018 27.475197, 120.406938 27.475272, 120.406873 27.475364, 120.406803 27.475449, 120.406836 27.475551, 120.4069 27.475573, 120.406981 27.475541, 120.406991 27.475423, 120.407056 27.475337, 120.407141 27.475272, 120.407265 27.475165, 120.407367 27.475074, 120.407394 27.474945, 120.407453 27.474822, 120.407608 27.474763, 120.407812 27.474709, 120.408043 27.474629, 120.408214 27.474468, 120.408359 27.474436, 120.408515 27.474452, 120.408638 27.474548, 120.408751 27.474613, 120.408949 27.474602, 120.409094 27.474623, 120.40925 27.474575, 120.409378 27.4745, 120.409555 27.474398, 120.409695 27.474398, 120.409802 27.474495, 120.409904 27.47457, 120.410011 27.474602, 120.410151 27.474575, 120.410328 27.474548, 120.410462 27.474575, 120.410564 27.474666, 120.410585 27.474822, 120.41059076786 27.4749773740768, 120.410622954369 27.4750953912735, 120.410692691803 27.475191950798, 120.410746335983 27.4752724170685, 120.410858988762 27.4754065275192, 120.410972 27.475508, 120.411149 27.475541, 120.411358 27.475573, 120.411551 27.475675, 120.411782 27.475739, 120.41198 27.475836, 120.412135720253 27.4758410453796, 120.412323474884 27.4757981300354, 120.412468 27.47583, 120.412581 27.475916, 120.412715 27.476088, 120.412747 27.476259, 120.41279 27.476399, 120.412914 27.476517, 120.413015 27.476614, 120.413134 27.476646, 120.413359 27.476689, 120.413461 27.476801, 120.413563 27.476925, 120.413691 27.477016, 120.413804 27.477037, 120.413965 27.477, 120.414099 27.476962, 120.41419 27.476871, 120.414239 27.476758, 120.414319 27.476699, 120.414448 27.476705, 120.414577 27.476742, 120.414668 27.476817, 120.414759 27.476887, 120.41485 27.476994, 120.415 27.477086, 120.415113 27.477161, 120.415236 27.477209, 120.415333 27.477241, 120.415419 27.477273, 120.415419 27.477338, 120.415295 27.477359, 120.415124 27.477359, 120.414973 27.477322, 120.414855 27.477236, 120.414678 27.477188, 120.414453 27.477129, 120.414298 27.477155, 120.414126 27.47722, 120.414056 27.47737, 120.414062 27.477483, 120.41413128376 27.4774986505508, 120.414196 27.477407, 120.414249 27.477289, 120.4144 27.477252, 120.414566 27.477263, 120.414711 27.477322, 120.414818 27.477413, 120.414952 27.477472, 120.415113 27.47752, 120.41536 27.477584, 120.415553 27.477649, 120.415746 27.477697, 120.415907 27.477767, 120.416025 27.477842, 120.416309 27.477955, 120.416518 27.477998, 120.416663 27.478062, 120.416835 27.478062, 120.417023 27.478062, 120.417146 27.478062, 120.417151 27.478148, 120.417092 27.478207, 120.416969 27.478212, 120.416856 27.478196, 120.416669 27.478201, 120.416486 27.478255, 120.416293 27.478255, 120.416207 27.478228, 120.416121 27.478116, 120.41595 27.47803, 120.415735 27.477965, 120.415558 27.477906, 120.415301 27.477847, 120.415038 27.477847, 120.414802 27.477869, 120.414705 27.477955, 120.414641 27.478089, 120.41448 27.478142, 120.414292 27.478142, 120.414169 27.478212, 120.413997 27.478244, 120.413895 27.478228, 120.41382 27.478132, 120.413675 27.478083, 120.413573 27.478067, 120.413445 27.478116, 120.413305 27.478142, 120.413134 27.478148, 120.413021 27.478207, 120.412897 27.478325, 120.412833 27.478411, 120.412747 27.478502, 120.412667 27.478529, 120.412597 27.478491, 120.412511 27.478432, 120.412382 27.478346, 120.412264 27.47826, 120.412184 27.478175, 120.412087 27.478073, 120.411996 27.478008, 120.411921 27.477939, 120.41183 27.477885, 120.411707 27.47781, 120.411562 27.477708, 120.411465 27.477617, 120.411342 27.477525, 120.411234 27.477472, 120.411138 27.477418, 120.411079 27.477316, 120.41095 27.477236, 120.410843 27.477171, 120.410741 27.477139, 120.410709 27.477177, 120.41072 27.477252, 120.4108 27.477295, 120.410891 27.477322, 120.410972 27.477381, 120.41109 27.477504, 120.411192 27.47759, 120.411256 27.477665, 120.411353 27.477788, 120.411535 27.477955, 120.41169 27.478057, 120.411792 27.478158, 120.411808 27.478309, 120.411862 27.478432, 120.411996 27.478475, 120.412141 27.478513, 120.412281 27.478566, 120.412345 27.478679, 120.412409 27.478775, 120.412468 27.478926, 120.412484 27.479044, 120.412651 27.479076, 120.412758 27.479076, 120.412876 27.479049, 120.412962 27.478969, 120.413112 27.478861, 120.413225 27.478765, 120.41345 27.4787, 120.413643 27.478749, 120.413836 27.47877, 120.414024 27.478786, 120.414271 27.478872, 120.414421 27.478963, 120.41456 27.478979, 120.414678 27.478904, 120.414807 27.478749, 120.415097 27.4787, 120.415419 27.478743, 120.415569 27.47885, 120.415687 27.478963, 120.415955 27.47907, 120.416229 27.47921, 120.416411 27.479285, 120.416551 27.479382, 120.416551 27.479532, 120.41661 27.47965, 120.416781 27.479709, 120.417012 27.479827, 120.417269 27.479929, 120.417436 27.479982, 120.417581 27.480004, 120.417763 27.480036, 120.417988 27.480057, 120.418117 27.480122, 120.418106 27.480213, 120.418031 27.48024, 120.417704 27.480111, 120.41742 27.480106, 120.417162 27.480095, 120.416974 27.480095, 120.416803 27.48002, 120.416706 27.479929, 120.416518 27.479923, 120.416293 27.479923, 120.416202 27.479821, 120.416121 27.479644, 120.415987 27.47958, 120.415859 27.479537, 120.415714 27.479489, 120.415574 27.479505, 120.415462 27.479505, 120.415338 27.479451, 120.415199 27.479441, 120.415081 27.479446, 120.414952 27.479483, 120.414872 27.479548, 120.414732 27.479564, 120.414566 27.479564, 120.414459 27.479542, 120.414383 27.479564, 120.414394 27.479623, 120.414501 27.479639, 120.414614 27.479628, 120.414786 27.479634, 120.415016 27.479628, 120.415269 27.479623, 120.41537 27.479671, 120.415446 27.479762, 120.41558 27.479805, 120.415725 27.479848, 120.415826 27.479907, 120.415885 27.479977, 120.415907 27.480138, 120.415987 27.480235, 120.416132 27.480294, 120.41625 27.480336, 120.416417 27.480363, 120.416567 27.480412, 120.416712 27.480508, 120.416819 27.480556, 120.416942 27.480594, 120.417007 27.480658, 120.416991 27.480766, 120.416889 27.480819, 120.416819 27.480927, 120.416685 27.481039, 120.416583 27.481152, 120.416417 27.48135, 120.416282 27.481501, 120.416154 27.481602, 120.416073 27.481699, 120.415987 27.481812, 120.415934 27.481956, 120.415923 27.482085, 120.41588 27.482209, 120.415778 27.482209, 120.415762 27.482101, 120.41581 27.481983, 120.415864 27.481903, 120.415896 27.481769, 120.415928 27.481683, 120.416025 27.481543, 120.416132 27.481356, 120.416186 27.481259, 120.416234 27.481114, 120.416223 27.481023, 120.416202 27.480884, 120.416105 27.480782, 120.415944 27.480733, 120.415773 27.480696, 120.415564 27.480669, 120.41536 27.480631, 120.415167 27.480583, 120.414984 27.480578, 120.414829 27.48053, 120.414684 27.480551, 120.41455 27.480642, 120.4144 27.480744, 120.414265 27.480792, 120.414072 27.480905, 120.413954 27.480986, 120.413691 27.481007, 120.413493 27.481045, 120.413305 27.481077, 120.413134 27.481125, 120.41308 27.481173, 120.413058 27.481264, 120.413112 27.481334, 120.413278 27.48135, 120.413455 27.481366, 120.413622 27.48134, 120.41375 27.481356, 120.413847 27.48134, 120.414072 27.481281, 120.414206 27.481281, 120.414346 27.481286, 120.414405 27.481356, 120.414378 27.481436, 120.414298 27.481468, 120.414206 27.481517, 120.414056 27.481629)","cnxgld@163.com","a1ca0b4e7b1d43959ee23ccf8b59d159","","4","3","2017/1/6 16:04:33","41496","37498","2017/1/10 16:29:26","","2017/1/10 16:29:46","41496","","37498","2017/1/10 16:47:03","通过","","","","","56","2017/2/23 11:30:16","通过","","","","","","","","","","","","","","","","","","","","","","","","2017/2/23 11:30:16","56","通过","","","2017/1/10 16:29:45","","","","","-1","","","0","1","","","","","村道","7.094","C533330327","2015年5月1日","四级",""
"10744","横支-平水","42d44717-c304-45fc-bfb7-49e09a06502d","330327100","330327100","温州市","苍南县","灵溪镇","","325800","0577-64767991","","","","www.cnglw.com","","0","LINESTRING(120.449574 27.526288, 120.450314 27.524947, 120.450958 27.523552, 120.451312 27.52323, 120.451527 27.52293, 120.451602 27.522672, 120.451602 27.522222)","cnxgld@163.com","80fba1989b2a49d1a8a8d0e5b5fb31e7","","4","3","2017/1/6 16:04:33","41496","37498","2017/1/10 16:05:00","","2017/1/10 16:05:20","41496","","37498","2017/1/10 16:47:03","通过","","","","","56","2017/2/23 11:30:16","通过","","","","","","","","","","","","","","","","","","","","","","","","2017/2/23 11:30:16","56","通过","","","2017/1/10 16:05:19","","","","","-1","","","0","1","","","","","村道","0.518","C535330327","2015年2月1日","四级",""
"10745","苍溪-桥玉线","a3a14e57-3108-4452-910d-5a5f12ab22d1","330327","330327","温州市","苍南县","","","325800","0577-64767992","","","","www.cnglw.com","","0","LINESTRING(120.345064401627 27.5107419490814, 120.344409942627 27.5103557109833, 120.344313 27.509819, 120.344259738922 27.5088804960251, 120.343809 27.508725, 120.343379974365 27.509046792984, 120.343685746193 27.5093954801559, 120.343605 27.510152, 120.34347653389 27.5101357698441, 120.343358516693 27.509765625, 120.342559218407 27.5095134973526, 120.341717 27.509519, 120.341052 27.509304, 120.341105 27.508779, 120.340762 27.508435, 120.340687 27.507792, 120.34029 27.507684, 120.339775 27.507598, 120.339636 27.507255, 120.339861 27.506933, 120.339872 27.506407, 120.339271 27.506075, 120.33896 27.506311, 120.338691 27.506193, 120.338531 27.50571, 120.338327 27.505501, 120.338032 27.505447, 120.337994 27.50512, 120.337737 27.504836, 120.337452 27.504836, 120.337125 27.504986, 120.336841 27.505254, 120.336497 27.50526, 120.336256 27.505426, 120.336235 27.505871, 120.3361 27.506102, 120.336154 27.506316, 120.336186 27.506493, 120.336009 27.506595, 120.335677 27.506214, 120.335349 27.506166, 120.335011 27.506526, 120.334738 27.506788, 120.334604 27.506719, 120.33477 27.506145, 120.334899 27.505576, 120.334797 27.505227, 120.334454 27.505163, 120.33388 27.505254, 120.333188 27.505077, 120.332544 27.505109, 120.332302 27.505217, 120.332147 27.505812, 120.331718 27.506037, 120.33131 27.505914, 120.331015 27.505812, 120.330779 27.505876, 120.330709 27.506075, 120.330972 27.506322, 120.331294 27.506697, 120.331659 27.50689, 120.332125 27.506568, 120.332522 27.506472, 120.332667 27.506681, 120.332426 27.507459, 120.332136 27.507995, 120.331761 27.508575, 120.331192 27.508698, 120.33079 27.50888, 120.330140590668 27.5087732076645, 120.330012 27.50917, 120.329733 27.509304, 120.329394936562 27.5090038776398, 120.328966 27.508913, 120.328596 27.508934, 120.328338 27.50873, 120.328156 27.508462, 120.327812 27.50843, 120.327474 27.508419, 120.32697 27.508092, 120.326943 27.507926, 120.327078 27.507604, 120.326777100563 27.5072550773621, 120.326514 27.506821, 120.32626748085 27.5066488981247, 120.32618701458 27.5067776441574, 120.326498150826 27.5072926282883, 120.32652 27.507454, 120.326343 27.507427, 120.326139 27.507271, 120.325967 27.507159, 120.325897 27.50674, 120.32586 27.506397, 120.32564 27.506316, 120.325254 27.506322, 120.324889 27.506306, 120.324621 27.506155, 120.324025 27.505603, 120.323607 27.505249, 120.323263 27.505061, 120.322877 27.504814, 120.322582 27.504696, 120.322373 27.504428, 120.321895 27.504278, 120.321375 27.504278, 120.320957 27.504112, 120.320753 27.503945, 120.320506095886 27.5034838914871, 120.320393443108 27.5034731626511, 120.320382714272 27.5035750865936, 120.320591926575 27.5039613246918, 120.320490002632 27.5040525197983, 120.320286154747 27.5039237737656, 120.320082306862 27.5035107135773, 120.320329070091 27.5030869245529, 120.320017933846 27.502920627594, 120.319722890854 27.5028991699219, 120.319443941116 27.5026631355286, 120.319143533707 27.5025826692581, 120.318816304207 27.5024700164795, 120.318505167961 27.5022768974304, 120.318253040314 27.5021320581436, 120.317808 27.502068, 120.317432 27.501998, 120.317062 27.502014, 120.316729545593 27.5018584728241, 120.316144824028 27.5017994642258, 120.315876603127 27.5018048286438, 120.315705 27.502019, 120.315539 27.502277, 120.315265 27.502567, 120.314895 27.502958, 120.314637 27.503141, 120.314235 27.503521, 120.314037 27.50379, 120.31379 27.504128, 120.313473 27.504149, 120.313243 27.504138, 120.313076 27.503967, 120.312797 27.503843, 120.312492 27.503747)","cnxgld@163.com","a2eeeee9ef664c8c9a25692e50d2a28e","","4","3","2017/1/6 16:04:33","41496","37498","2017/1/10 16:25:27","","2017/1/10 16:25:48","41496","","37498","2017/1/10 16:47:03","通过","","","","","56","2017/2/23 11:30:16","通过","","","","","","","","","","","","","","","","","","","","","","","","2017/2/23 11:30:16","56","通过","","","2017/1/10 16:25:47","","","","","-1","","","0","1","","","","","村道","6.163","C538330327","2015年12月1日","四级",""
"10746","马沙线-龙新线","4a556f66-5b51-4c05-accf-569b7bc69adc","330327118","330327118","温州市","苍南县","马站镇","","325809","0577-64767993","","","","www.cnglw.com","","0","LINESTRING(120.446854 27.242382, 120.44738 27.242194, 120.448115 27.241936, 120.449043 27.241604, 120.449697 27.241384, 120.450336 27.241158, 120.450872 27.240976, 120.451527 27.240729, 120.451543 27.240638, 120.451425 27.240365, 120.451452 27.240284, 120.452385 27.239968, 120.45305 27.239699, 120.453592 27.239501, 120.454525 27.239163, 120.454761 27.239141, 120.454976 27.239018, 120.454826 27.238846, 120.454847 27.23875, 120.455523 27.23831, 120.455807 27.238106, 120.456086 27.237843, 120.456076 27.237682)","cnxgld@163.com","015beecc37584570ab94cd2cc5780423","","4","3","2017/1/6 16:04:33","41496","37498","2017/1/10 16:14:53","","2017/1/10 16:15:13","41496","","37498","2017/1/10 16:47:03","通过","","","","","56","2017/2/23 11:30:16","通过","","","","","","","","","","","","","","","","","","","","","","","","2017/2/23 11:30:16","56","通过","","","2017/1/10 16:15:12","","","","","-1","","","0","1","","","","","村道","1.151","C541330327","2015年9月6日","四级",""
"10747","钱仙线-瓦海线","c150a2f5-1080-4c73-88c9-7136bf15efb1","330327104","330327104","温州市","苍南县","钱库镇","","325804","0577-64767994","","","","www.cnglw.com","","0","LINESTRING(120.567634 27.514508, 120.56772 27.515645, 120.567741 27.516396, 120.567698 27.517061, 120.56757 27.517898, 120.567355 27.518821, 120.567183 27.519572, 120.56684 27.520409, 120.566475 27.521374, 120.566046 27.522297)","cnxgld@163.com","37659d1a32cf4da596a68c18ac6709a9","","4","3","2017/1/6 16:04:33","41496","37498","2017/1/10 16:04:16","","2017/1/10 16:04:37","41496","","37498","2017/1/10 16:47:03","通过","","","","","56","2017/2/23 11:30:16","通过","","","","","","","","","","","","","","","","","","","","","","","","2017/2/23 11:30:16","56","通过","","","2017/1/10 16:04:36","","","","","-1","","","0","1","","","","","村道","0.675","C542330327","2015年1月24日","四级",""
"10748","104国道（虹桥过境段）","73479d67-67cf-49e1-94c6-f0bde057219f","330382108","330382108","温州市","乐清市","虹桥镇","","","13868796096","","","","","","0","LINESTRING(121.064261198044 28.230893611908, 121.062372922897 28.2294130325317, 121.061578989029 28.227835893631, 121.061267852783 28.2263660430908, 121.06108546257 28.2248747348785, 121.060688495636 28.2213234901428, 121.06027007103 28.2180190086365, 121.059883832932 28.2144248485565, 121.059626340866 28.2132124900818, 121.058725118637 28.2106912136078, 121.057598590851 28.208920955658, 121.054723262787 28.2062494754791, 121.048961877823 28.2032454013824, 121.043651103973 28.2004988193512, 121.038962602615 28.1980848312378, 121.034681797028 28.1957995891571, 121.031602621078 28.1940829753876, 121.028212308884 28.1916475296021, 121.023942232132 28.1884396076202, 121.02032661438 28.1856822967529, 121.018931865692 28.1846415996552, 121.01820230484 28.1838583946228, 121.017290353775 28.1823885440826)","","a812790d68224ca5ae1e16172d14e224","","4","2","2017/1/9 15:59:13","36211","36211","2017/1/13 09:49:54","","2017/1/13 09:50:16","36211","","36097","2017/1/13 14:39:20","通过","","","","","56","2017/2/23 11:30:16","通过","","","","","","","","","","","","","","","","","","","","","","","","2017/2/23 11:30:16","56","通过","","","2017/1/9 15:59:32","","","","","-1","","","0","1","","","","","国道","8.037","G104","2015年05月15日","一级",""
